-- phpMyAdmin SQL Dump
-- version 3.4.5
-- http://www.phpmyadmin.net
--
-- Host: localhost
-- Generation Time: Feb 26, 2013 at 11:01 AM
-- Server version: 5.5.16
-- PHP Version: 5.3.8

SET SQL_MODE="NO_AUTO_VALUE_ON_ZERO";
SET time_zone = "+00:00";


/*!40101 SET @OLD_CHARACTER_SET_CLIENT=@@CHARACTER_SET_CLIENT */;
/*!40101 SET @OLD_CHARACTER_SET_RESULTS=@@CHARACTER_SET_RESULTS */;
/*!40101 SET @OLD_COLLATION_CONNECTION=@@COLLATION_CONNECTION */;
/*!40101 SET NAMES utf8 */;

--
-- Database: `perniagaan`
--

-- --------------------------------------------------------

--
-- Table structure for table `activity`
--

CREATE TABLE IF NOT EXISTS `activity` (
  `activity_id` int(11) NOT NULL AUTO_INCREMENT,
  `name` varchar(256) NOT NULL,
  PRIMARY KEY (`activity_id`)
) ENGINE=InnoDB  DEFAULT CHARSET=latin1 AUTO_INCREMENT=4 ;

--
-- Dumping data for table `activity`
--

INSERT INTO `activity` (`activity_id`, `name`) VALUES
(1, 'Manufacturing'),
(2, 'Services'),
(3, 'Agriculture');

-- --------------------------------------------------------

--
-- Table structure for table `business`
--

CREATE TABLE IF NOT EXISTS `business` (
  `business_id` int(11) NOT NULL,
  `registration_no` varchar(256) NOT NULL,
  `registration_date` timestamp NOT NULL DEFAULT CURRENT_TIMESTAMP ON UPDATE CURRENT_TIMESTAMP,
  `business_name` varchar(256) NOT NULL,
  `business_address` mediumtext NOT NULL,
  `email_web` varchar(256) NOT NULL,
  `main_product` mediumtext NOT NULL,
  `account_type` mediumtext NOT NULL,
  `financing_by` int(1) NOT NULL COMMENT '1=''SENDIRI'', 2=''TEKUN''',
  PRIMARY KEY (`business_id`)
) ENGINE=InnoDB DEFAULT CHARSET=latin1;

--
-- Dumping data for table `business`
--

INSERT INTO `business` (`business_id`, `registration_no`, `registration_date`, `business_name`, `business_address`, `email_web`, `main_product`, `account_type`, `financing_by`) VALUES
(1, 'SA0191451-V', '2013-02-26 07:37:52', 'VISI RS ENTERPRISE', 'NO. 33, JALAN MUHIBAH 25/7, SEKSYEN 25 TAMAN SRI MUDA, 40400 SHAH ALAM, SELANGOR', 'vcrs02@yahoo.com', 'KONTRAKTOR BINAAN, KAWALAN SERANGGA, MEMBERSIH KAWASAN & MENGECAT', 'MAYBANK', 1),
(2, 'MP0001576-U', '2013-02-26 03:43:27', 'FOUR CIRCLE RESOURCES', 'NO 11 JALAN ANGGERIK, PRIMA BERUNTUNG, 48300 RAWANG, SELANGOR', 'www.razicoenterprise.com', 'UBAT GIGI BERUBAT: EKSTRAK GAMAT & CENGKIH', 'MUAMALAT\r\n', 1),
(3, '001436958-M', '0000-00-00 00:00:00', 'DULENA ENTERPRISE', 'LOT 822-B, JALAN BESTARI JAYA, BATU 4 1/2, KAMPUNG KUANTAN, 45000 KUALA SELANGOR, SELANGOR\r\n', 'azizali201@yahoo.com', 'PEMBUATAN & PERKHIDMATAN\r\n', 'CIMB BANK\r\n', 2),
(4, '', '2013-02-26 03:49:06', '', '', '', '', '', 0),
(5, 'MP0002275-V', '2013-02-26 03:49:06', 'JALIL JAYA ENTERPRISE', 'LOT 42 JALAN HUTAN LIPUR BUKIT LAGONG, JALAN BUKIT IDAMAN, 68100 BATU CAVES, SELANGOR\r\n', '', 'PERKHIDMATAN PENGURUSAN TANAMAN, LADANG, TAMAN HUTAN DAN LADANG HUTAN', 'MAYBANK\r\n', 1),
(6, 'AS0353759-A', '2013-02-26 03:59:42', 'MOHD ZAMRI BIN RIJAN', 'NO 28,LORONG 23 TMN GUAR PERAHU, 14400 BUKIT MERTAJAM, P.PINANG\r\n', '', 'AISKRIM GOYANG, MAKANAN RINGAN\r\n', '', 1),
(7, '', '2013-02-26 03:59:42', 'V. RAJENDRAN VEERASAMY', '47 LRG SENTUL 13 TMN SENTUL JAYA JURU 14100 BUKIT MERTAJAM,P.PINANG\r\n', '', '', '', 0),
(8, '', '2013-02-26 04:01:23', 'ALIAS BIN MAT DESA', '12 LORONG GUAR PERAHU 39, TAMAN GUAR PERAHU, 14000 B.MERTAJAM ,P.PINANG\r\n', '', '', '', 0),
(9, '', '2013-02-26 04:01:23', 'JAAFAR BIN SAAD', 'NO. 6125 ALOR MERAH, SUNGAI DUA, 13800 BUTTERWORTH P.PINANG\r\n', '', '', '', 0),
(10, '', '2013-02-26 04:01:40', 'ZAMRI BIN AHMAD', 'NO. 89 LORONG KTC 2/4, TAMAN KTC FASA 2, 09000 KULIM, KEDAH\r\n', '', '', '', 0);

-- --------------------------------------------------------

--
-- Table structure for table `business_activity`
--

CREATE TABLE IF NOT EXISTS `business_activity` (
  `business_activity_id` int(11) NOT NULL AUTO_INCREMENT,
  `business_id` int(11) NOT NULL,
  `activity_id` int(11) NOT NULL,
  PRIMARY KEY (`business_activity_id`)
) ENGINE=InnoDB  DEFAULT CHARSET=latin1 AUTO_INCREMENT=14 ;

--
-- Dumping data for table `business_activity`
--

INSERT INTO `business_activity` (`business_activity_id`, `business_id`, `activity_id`) VALUES
(2, 2, 1),
(3, 3, 1),
(4, 3, 2),
(5, 5, 3),
(6, 6, 1),
(7, 6, 2),
(13, 1, 2);

-- --------------------------------------------------------

--
-- Table structure for table `business_person`
--

CREATE TABLE IF NOT EXISTS `business_person` (
  `business_id` int(11) NOT NULL AUTO_INCREMENT,
  `name` varchar(256) NOT NULL,
  `category` int(11) NOT NULL,
  `ic_no` varchar(256) NOT NULL,
  `age` int(3) NOT NULL,
  `army_no` varchar(256) NOT NULL,
  `address` mediumtext NOT NULL,
  `telp_no` varchar(30) NOT NULL,
  `state_id` int(11) NOT NULL,
  `geo_location` varchar(256) NOT NULL,
  `business_logo` mediumtext NOT NULL,
  PRIMARY KEY (`business_id`)
) ENGINE=InnoDB  DEFAULT CHARSET=latin1 AUTO_INCREMENT=1024 ;

--
-- Dumping data for table `business_person`
--

INSERT INTO `business_person` (`business_id`, `name`, `category`, `ic_no`, `age`, `army_no`, `address`, `telp_no`, `state_id`, `geo_location`, `business_logo`) VALUES
(1, 'AB RAHMAN BIN AHMAD', 1, '560502-02-5589', 57, '530243', 'NO. 33, JALAN MUHIBAH 25/7, SEKSYEN 25 TAMAN SRI MUDA, 40400 SHAH ALAM, SELANGOR', '017-2631190', 10, '-', ''),
(2, 'ABD ALI BIN MUSTAFFA', 1, '621218-02-5131', 51, '1052152', 'NO 11 JALAN ANGGERIK, PRIMA BERUNTUNG, 48300 RAWANG, SELANGOR', '019-5278727', 10, '', ''),
(3, 'ABDUL AZIZ BIN MOHD ALI', 1, '741109-05-5071', 38, '1097090', 'NO. 31 JALAN SIRAMBAI 4 TAMAN SIRAMBAI, 45000 KUALA SELANGOR, SELANGOR', '019-6005674', 10, '', ''),
(4, 'ABDUL HARIS BIN HUSAIN', 1, '591115-10-6057', 53, '3001321', 'NO. 18 JALAN 11/23B DANAU KOTA, SETAPAK, SELANGOR', '', 10, '', ''),
(5, 'ABDUL JALIL BIN AHMAD', 2, '330522-04-5073', 80, '1087', 'LOT 42 JALAN HUTAN LIPUR BUKIT LAGONG, JALAN BUKIT IDAMAN, 68100 BATU CAVES, SELANGOR', '013-2966251', 10, '', ''),
(6, 'ABDUL MANAN BIN ARIFFIN', 1, '441227-05-5043', 69, '801380', 'BLOK C-03-03 PPR KG MUHIBAH, BATU 6 1/2, JALAN PUCHONG 58200 KUALA LUMPUR', '016-2493523', 10, '', ''),
(7, 'ABDUL RAHMAN BIN ABDUL KADIR', 1, '590728-08-6023', 53, '1037161', 'BLOK B-15-03 PPR BARU KG BARU AIR PANAS SETAPAK, 53200 KUALA LUMPUR', '019-2955517', 10, '', ''),
(8, 'ABDUL RAHMAN BIN IBRAHIM', 1, '710111-12-5671', 42, '6041862', 'LOT 1418 JALAN MANGGIS BATU 9 KAMPUNG MEDAN, 42500 TELOK PANGLIMA GARANG, SELANGOR', '019-2714886', 10, '', ''),
(9, 'ABDUL RAHMAN BIN MAT YATIB', 1, '620823-06-5495', 50, '3002363', 'NO. 47 JALAN SERI TAMING 5, TAMAN SERI TAMIN, 43200 CHERAS, SELANGOR', '013-3887747', 10, '', ''),
(10, 'ABDUL RAZAK BIN IBRAHIM', 2, '670920-01-6543', 45, '714997', 'NO. 25G JALAN PANDAN INDAH 1/17, TAMAN PANDAN INDAH, 55100 KUALA LUMPUR', '016-6003094', 10, '', ''),
(11, 'ABERAHIM BIN ASHAK', 1, '531118-01-5439', 60, '211343', 'E-2-9 PANGASAPURI PERMAI, JALAN LANDAI PERMAI, 57100 SG. BESI, KUALA LUMPUR', '012-3890539', 10, '', ''),
(12, 'ABU BAKAR BIN HITAM', 1, '600608-10-6479', 53, '1022417', '11 LORONG MELATI 3/13, BANDAR MELAWATI, KUALA LUMPUR', '017-2759554', 10, '', ''),
(13, 'ABU TALIB BIN HASHIM', 1, '720105-08-6919', 40, '1088855', 'NO. 202 BLOK L 24, JALAN PANDAN 4 PANDAN JAYA, 55100 KUALA LUMPUR', '019-2458503', 10, '', ''),
(14, 'ADNAN BIN ISA', 1, '590601-02-6123', 54, '1026239', '1-1-18 PANGSAPURI ANGGERIK, JLN 1/24 TAMAN BUKIT PERMAI 2, 56100 AMPANG, KUALA LUMPUR', '012-2643127', 10, '', ''),
(15, 'ASHAARI BIN AHMAD', 1, '390706-10-5581', 73, '13533', '27 JALAN MEMPOYAN, TAMAN TANAMERA (USJ) SUBANG JAYA, 47630 SELANGOR', '019-3423090', 10, '', ''),
(16, 'AZLINA BT SAMAT', 3, '780410-10-5236', 35, '403124', 'NO. 17 JLN SUMAZAU 2A/KU5, BANDAR BUKIT RAJA, 41050 KLANG, SELANGOR', '012-9174206', 10, '', ''),
(17, 'AZMAN BIN BESETH', 3, '620807-01-5711', 50, '811209', 'NO. 3 U10/69 JALAN PULAU LUMUT, TAMAN ALAM BUDIMAN, 401700 SHAH ALAM, SELANGOR', '019-6447114', 10, '', ''),
(18, 'BADRUL MAJIDI BIN ZAINAL ABIDIN', 2, '590413025867', 54, '371091', '18 JALAN ANGGERIK, BANDAR BUKIT BERUNTUNG, RAWANG SELANGOR', '019-3955755', 10, '', ''),
(19, 'BAHSAN BIN YUSOF', 1, '441110085273', 68, '300910', 'NO 60 PERSIARAN 1/12, KG BATU MUDA JALAN IPOH, 51100 KUALA LUMPUR', '013-3409447', 10, '', ''),
(20, 'BORHAAN BIN ALIMAN', 3, '640711-01-5053', 48, '401984', 'LOT 8843 JALAN NAKHODA KIRI, KG NAKHODA, 68100 BATU CAVES, SELANGOR', '012-3465966', 10, '', ''),
(21, 'CHAU PAK CHONG @ CHOW FATT CHONG', 1, '460924-04-5039', 66, '204906', '1573 JALAN E3/4, TAMAN EHSAN KEPONG, 52100 KUALA LUMPUR', '014-6448252', 10, '', ''),
(22, 'CHE HALIM BIN MD SAID', 1, '520420-02-5327', 60, '933583', 'BLOK F-10-8 PPR SERI SEMARAK LENGKOK 54C JALAN AIR KEROH, 53300 KUALA LUMPUR', '012-2285030', 10, '', ''),
(23, 'CHEAH THEAN LAI', 2, '630108-02-5477', 50, '712615', '38 JALAN USJ 11/2C, 47620 SUBANG JAYA, SELANGOR', '012-3888408', 10, '', ''),
(24, 'ELIAS BIN ABDUL RAHIM', 3, '790729-02-5915', 33, '403101', 'NO. 3 JALAN SUMAZAU 2A/KU5, BANDAR BUKIT RAJA, 41050 KLANG, SELANGOR', '012-6017462', 10, '', ''),
(25, 'ENG LEAP CHEN', 2, '610214-06-5255', 51, '710774', 'NO. 45 JALAN 4, TAMA BUKIT MEWAH, 43000 KAJANG, SELANGOR', '012-2999523', 10, '', ''),
(26, 'FAIZUL BIN HUSSAIN', 1, '601008-08-5963', 52, '3000980', 'NO. 805, BLOK 3 PANGSAPURI DANAUMAS JALAN PLATINUM 7/58, SEKSYEN 7, 40000 SHAH ALAM, SELANGOR', '019-3232960', 10, '', ''),
(27, 'GHAZALI BIN ABDUL RAHMAN', 3, '650813-08-5991', 48, '813105', 'C-1-1 KUARTERS NAHRIM, JALAN PUTRA PERMAI, 43300 SERI KEMBANGAN, SELANGOR', '013-9666657', 10, '', ''),
(28, 'HAIRUDDIN BIN HARON', 1, '630207-02-5683', 49, '1060179', 'PT 2517 KAMPUNG TERSUSUN BATU 2 1/2 JALAN SIMPANG, TAIPING PERAK', '017-3100831', 10, '', ''),
(29, 'ISMAIL BIN ARIFFIN', 1, '511010-02-5653', 62, '208064', 'NO. 16, JALAN AU 1A/2C, TAMAN KERAMAT, 54200 KUALA LUMPUR', '017-8783064', 10, '', ''),
(30, 'JALUDDIN BIN ABDULLAH', 3, '710406-08-5005', 42, '817464', 'C-31-6 TAMAN SHERAS MEWAH, 56000 CHERAS, KL', '013-3618903', 10, '', ''),
(31, 'JAMAL BIN ABDUL HAMID', 1, '680107-04-5615', 44, '533544', 'BLOK C-08-15, PANTAI RIA, JALAN LEMBAH PANTAI, PANTAI DALAM, 59200 KUALA LUMPUR', '017-3973811', 10, '', ''),
(32, 'JOHARI BIN JANGGI', 2, '550317-04-5423', 57, '704786', 'KAMPUN LUBOK REDAN, MASJID TANAH, 78300 MELAKA', '017-3555921', 10, '', ''),
(33, 'JOHARI BIN SALLEH', 1, '601104-10-5581', 52, '3002416', 'NO. 7 JALAN 2/18 TAMAN PUTRA PERDANA PUCHONG, SELANGOR', '0111-5676548', 10, '', ''),
(34, 'MARIAPPAN A/L MANIAM', 1, '601115-06-5263', 52, '1048309', 'BLOK B, 11-03 APT LESTARI, JALAN PJU 10/03 DAMANSARA DAMAI, 48750 PETALING JAYA, SELANGOR', '016-9186064', 10, '', ''),
(35, 'MAZELAN BIN MUHAMAD', 1, '600918-04-5317', 53, '1025247', 'LOT 59037 PERSIARAN 1/12, PUSAT RUKUN TETANGGA KAMPUNG BATU MUDA JALAN IPOH, 51100 KUALA LUMPUR', '017-6135346', 10, '', ''),
(36, 'MOHAMAD DARUS BIN MAT TAIB', 2, '580215-02-5509', 54, '711574', 'NO. 86-2 BLOK J PLATINUM WALK, NO. 2 JALAN LANGKAWI, SETAPAK 53300 KUALA LUMPUR', '012-5031109', 10, '', ''),
(37, 'MOHAMAD IBRAHIM BIN ZAKARIA', 1, '590427-08-5537', 54, '1037352', 'NO. 9V PERSADA KASIH, ALAM MILENIA, BANDAR ENSTEK, 71780 NILAI, NEGERI SEMBILAN', '019-2758231', 10, '', ''),
(38, 'MOHAMAD NOOR BIN DAHAMAN ', 1, '740318-08-6793', 39, '535566', 'LOT 618 KG WIRA DAMAI, 68100 BATU CAVES, SELANGOR', '016-9551684', 10, '', ''),
(39, 'MOHAMAD TAUFIK BIN MOHAMAD', 1, '631021-02-5487', 49, '3003104', 'NO. 1 JALAN P14B 1/2, PRESINT 16, 62050 PUTRAJAYA', '012-3285658', 10, '', ''),
(40, 'MOHAMAD ZAILANI BIN HUSSAIN', 2, '641227-10-6097', 48, '371831', 'NO. 5 JALAN SP 3, SEKSYEN U6, DESA SUBANG PERMAI, 40150 SHAH ALAM, SELANGOR', '012-2483868', 10, '', ''),
(41, 'MOHAMMAD JAZLAND BIN MOHD JABBAR', 3, '680106-04-5621', 44, '816012', 'LOT 6796 BATU 7 JALAN KEBUN, KG BARU SATU, 42450 KLANG, SELANGOR', '012-6815076', 10, '', ''),
(42, 'MOHD ARIFF BIN MD ISA', 1, '730412-02-5701', 39, '1091738', 'NO. 12 JALAN SUAKASIH 2/3A, BANDAR TUN HUSSEIN ONN, 43200 CHERAS SELANGOR', '019-6347680', 10, '', ''),
(43, 'MOHD ARZUKI BIN TEHAK', 1, '620610-02-5641', 50, '1042768', '1083 PPR SRI ALAM FASA 2, JALAN LAPANGAN TERBANG LAMA, SG BESI KUALA LUMPUR', '0111-5637950', 10, '', ''),
(44, 'MOHD HATTA BIN ABD RAHIM', 3, '491005-01-5607', 62, '803155', 'NO. 25, JALAN WAWASAN 3/5, BANDAR BARU AMPANG, 68000 AMPANG SELANGOR', '019-3633918', 10, '', ''),
(45, 'MOHD KHAIROL BIN ABD RASHID', 1, '721207-05-5325', 40, '1087320', 'NO. 20, TINGKAT 7, BLOK 4 SUBANG SURIA, APARTMENT BINTANG, SEKSYEN U5/33, 40150 SHAH ALAM, SELANGOR', '019-3442786', 10, '', ''),
(46, 'MOHD NOOR BIN AWANG', 1, '580131-02-5237', 54, '1035626', 'LOT 93, KAMPUNG SUNGAI KERTAS, 68100 BATU CAVES SELANGOR', '019-2577143', 10, '', ''),
(47, 'MOHD NOOR BIN MOHD', 2, '461117-04-5117', 66, '702707', '55 6/4, BANDAR TASEK PUTERI, RAWANG SELANGOR', '016-2420639', 10, '', ''),
(48, 'MOHD PIRDAUS BIN IDRIS', 1, '571224-05-5019', 55, '3000893', 'LOT 1066 JALAN 2 KEPONG ULU, 52100 KEPONG, KUALA LUMPUR', '012-9070910', 10, '', ''),
(49, 'MOHD SELAMAT BIN HJ ABU BAKAR', 1, '510209-01-5247', 61, '126820', '21 JALAN SELASEH 11, TAMAN SELASEH FASA 1, 68100 GOMBAK/BATU CAVES, SELANGOR', '016-3310540', 10, '', ''),
(50, 'MOHD SELAMAT BIN HJ ABU BAKAR', 1, '510209-01-5248', 61, '126820', '22 JALAN SELASEH 11, TAMAN SELASEH FASA 1, 68100 GOMBAK/BATU CAVES, SELANGOR', '016-3310541', 10, '', ''),
(51, 'MOHD YATIM BIN MD SALLEH', 1, '551027-04-5243', 57, '502949', 'NO. 306 L-20, PANDAN JAYA 55100 CHERAS, KUALA LUMPUR', '019-3058091', 10, '', ''),
(52, 'MUHAMMAD BIN JAAFAR', 1, '570601-10-5735', 56, '1011136', '4-18-01 PPR, DESA TUN RAZAK, 56000 CHERAS, KUALA LUMPUR', '019-6179182', 10, '', ''),
(53, 'MUHAMMAD SALLEH BIN ISA', 1, '500202-06-5365', 63, '117921', 'NO. 60-2-BLOK 7 FLAT SRI LABUAN, BANDAR TUN RAZAK CHERAS, 56000 KUALA LUMPUR', '013-3092946', 10, '', ''),
(54, 'MUKTI BIN YUNUS', 1, '521220-05-5307', 60, '501859', 'LOT 163 LORONG PERMAI 8, KG TASIK PERMAI, 68000 AMPANG, SELANGOR', '019-2657679', 10, '', ''),
(55, 'MUSTAFA BIN AHMAD', 1, '510303045389', 62, '26657', 'NO 21 JALAN HIJAU 3/8, BLOK 28 GREEN VALLEY PARK, BANDAR TASEK PUTERI, 48020 RAWANG, SELANGOR', '012-6344362', 10, '', ''),
(56, 'NGAH IBRAHIM BIN ALI', 1, '530807-08-5067', 60, '454922', 'E-4-5 PPR BATU MUDA, BATU 4 1/2 JALAN IPOH, 51100 KUALA LUMPUR', '017-3545784', 10, '', ''),
(57, 'NIK MUHAMMAD AKMAL BIN MOHAMMAD', 3, '880318-14-5815', 25, '834382', 'NO. 17 JALAN PERMATANG 2, KG PERMATA, SRI KUNDANG, 48050 RAWANG, SELANGOR', '013-4465183', 10, '', ''),
(58, 'NORHIDAYATI BT MD AKIL', 3, '790605-02-5630', 34, '403128', '129A, FASA 1A, SRI MANJUNG, 32040 MANJUNG, PERAK', '012-4312843', 10, '', ''),
(59, 'RAHMAD BIN HJ MOHD ALI', 1, '460323-10-5411', 66, '117864', '76 JALAN SP 5/1, SERI PRISTANA, 47000 SUNGAI BULOH, SELANGOR', '019-6943517', 10, '', ''),
(60, 'RAHMAN BIN OTHMAN', 2, '520616-04-5047', 60, '704094', 'NO. 129, JALAN PERSIARAN 1 8/5, TAMAN MELATI SETAPAK, 53100 KUALA LUMPUR', '016-9009127', 10, '', ''),
(61, 'RAMLAH BT ABDULLAH', 1, '590318-03-5610', 53, '5001123', 'B-3-18 PPR KAMPUNG BARU AIR PANAS SETAPAK, 53300 KUALA LUMPUR', '012-6457001', 10, '', ''),
(62, 'RAZALI BIN ABDUL', 2, '571005-01-5121', 55, '709329', '44-1 JALAN OPERA GU2/G, TAMAN TTDI JAYA 40150 SHAH ALAM, SELANGOR', '013-3508188', 10, '', ''),
(63, 'RIDWAN BIN AHMAD', 1, '350509-08-5503', 77, '18191158', 'BLOK 45-02-02, MENARA ORKID JALAN 3/48A, BANDAR BARU SENTUL, SENTUL PERDANA, 51000 KUALA LUMPUR', '019-2226091', 10, '', ''),
(64, 'ROSITA BT ISMAIL', 2, '591103-08-5666', 54, '5800039', 'NO. 9 JALAN RESAK 6 TAMAN IMPIAN EHSAN BALAKONG, 43300 SERI KEMBANGAN, SELANGOR', '019-2623551', 10, '', ''),
(65, 'ROSLI BIN MOHD NASSIR', 1, '700404-01-6373', 44, '534507', 'NO. 12 JALAN 13 TAMAN BATU CAVES, 68100 SELAYANG', '013-2150135', 10, '', ''),
(66, 'SAHARDI BIN SIDEK', 3, '780405-02-5581', 34, '403065', 'NO. 17 JLN SUMAZAU 2A/KU5, BANDAR BUKIT RAJA, 41050 KLANG, SELANGOR', '017-8397002', 10, '', ''),
(67, 'SAHAT BIN SALLEH', 1, '570512-01-7207', 56, '1045584', 'BLOK C-13-04, PPR LAKSAMANA, JALAN PEEL, 55100 KUALA LUMPUR', '016-7319837', 10, '', ''),
(68, 'SALEH BIN MOHD', 1, '450108045197', 68, '310937', '57 JALAN-AU4/3 TAMAN KERAMAT, HULU KLANG, 54200 SELANGOR', '019-3181828', 10, '', ''),
(69, 'SHAHARUDDIN BIN SIDEK', 1, '780405-03-5093', 34, '536874', 'NO. 36, JALAN MESRA 25/66, TAMAN SRI MUDA SEKSYEN 25, 40400 SHAH ALAM SELANGOR', '016-6895943', 10, '', ''),
(70, 'SHAHRON BIN LEBAI PIN', 1, '551217-09-5057', 57, '1015654', 'BLOK E2-14, JALAN 2/23D, DANAU KOTA, 53300 SETAPAK, KUALA LUMPUR', '016-2911442', 10, '', ''),
(71, 'SHAHRUL IBNUL WALID BIN ABD MALEK', 1, '650817-06-5533', 47, '63930', 'NO. 16 JALAN RAKAN 2, TAMAN RAKAN, 43200 CHERAS, SELANGOR', '016-6087704', 10, '', ''),
(72, 'SUHAIMI BIN ALI', 1, '530925-01-5369', 60, '455413', 'BLOK C-4-11 PSN REJANG, SETAPAK JAYA, 63300 SETAPAK, KUALA LUMPUR', '019-2802426', 10, '', ''),
(73, 'SURIYATI BT RAZALI', 1, '630626-08-5082', 49, '3003171', '310 BLOK C ARMANEE CONDO, JALAN PJU 101C, DAMANSARA DAMAI, SELANGOR', '012-5474112', 10, '', ''),
(74, 'SYAIFUL ZARIR BIN RUSLAN', 1, '800727-06-5549', 32, '6143547', '6-11 PANGSAPURI SHAMELIN, JALAN 3/91A TAMAN SHAMELIN PERKASA, 56100 CHERAS, KUALA LUMPUR', '016-7415549', 10, '', ''),
(75, 'YUNUS BIN TAHA', 1, '550414-01-5770', 57, '1012892', '4-16-17 JALAN 9/118B PPR, DESA TUN RAZAK 56000, CHERAS KUALA LUMPUR', '016-3420913', 10, '', ''),
(76, 'YUSOF BIN ABD RAHMAN', 1, '530210-06-5039', 60, '210116', '262-1 BLOK 2 R/PANGSA SRI LABUAN, BANDAR TUN RAZAK, 56000 KUALA LUMPUR', '012-2065476', 10, '', ''),
(77, 'ZOLHILMI BIN SHUDIN', 1, '781121-08-5819', 34, '1120909', 'BLOK B-9-3 PERUMAHAN AWAM, DESA REJANG PSN REJANG, 53300 TAMAN SETAPAK JAYA, KUALA LUMPUR', '013-3799795', 10, '', ''),
(78, 'ZUKRI BIN YAMAN', 1, '610918-03-5361', 52, '3002945', '159-6, KG PAYA JARAS HILIR, 47000, SG BULOH, SELANGOR', '012-6108208', 10, '', ''),
(79, 'ZUL BIN KALIL', 1, '660730-04-5037', 47, '6003744', 'C-4251 LRG SEMBILANG, JALAN PAYA IKAN, BUKIT BAR, 75150, MELAKA', '012-2612587', 10, '', ''),
(80, 'MOHD ZAMRI BIN RIJAN', 1, '550915-08-6161', 57, '139323', 'NO 28,LORONG 23 TMN GUAR PERAHU, 14400 BUKIT MERTAJAM, P.PINANG', '012-5756042', 9, '', ''),
(81, 'V. RAJENDRAN A/L VEERASAMY', 1, '580630-07-5255', 55, '1028116', '47 LRG SENTUL 13, TMN SENTUL JAYA, 14100 BUKIT MERTAJAM,P.PINANG', '016-4159490', 9, '', ''),
(82, 'ALIAS BIN MAT DESA', 2, '610723-08-6425', 51, '711231', '12 LORONG GUAR PERAHU 39, TAMAN GUAR PERAHU, 14000 B.MERTAJAM ,P.PINANG', '019-6998166', 9, '', ''),
(83, 'JAAFAR BIN SAAD', 2, '531010-02-5221', 59, '705256', 'NO. 6125 ALOR MERAH, SUNGAI DUA, 13800 BUTTERWORTH P.PINANG', '019-4977175', 9, '', ''),
(84, 'ZAMRI BIN AHMAD', 1, '660623-07-5089', 47, 'T3005606', 'NO. 89 LORONG KTC 2/4, TAMAN KTC FASA 2, 09000 KULIM, KEDAH', '017-4396071', 9, '', ''),
(85, 'ISAHAK BIN MOHAMED NOOR', 3, '620509-07-5089', 51, '810366', 'NO. 7880 PERMATANG INDAH, 13300 TASEK GELUGOR, SEBERANG PERAI UTARA,  P.PINANG', '017-5755089', 9, '', ''),
(86, 'CHE SUB BIN HASHIM', 1, '530402-07-5215', 60, '158802', 'NO. 2674 LORONG 11/G, TAMAN MAHSURI, 09400 PADANG SERAI, KEDAH', '016-64327469', 9, '', ''),
(87, 'REBIAH BT ABU BAKAR', 3, '610222-01-5370', 52, '5500152', '3360 KG SELAMAT, 13300 TASEK GELUGOR, SEBERANG PRAI UTARA,  PULAU PINANG', '019-5958616', 9, '', ''),
(88, 'NORMALA BINTI PUTEH', 1, '671022-07-5386', 46, '6015778', 'NO. 8771 KAMPUNG SELAMAT, 13300 TASEK GELOGOR P.PINANG', '017-4588472', 9, '', ''),
(89, 'PATIMAH BINTI DARUS', 1, '620513-07-5284', 51, '167885', 'BLOK B5-2-39 RUMAH KELUARGA POLIS, IBU PEJABAT POLIS, BANDAR BARU PERDA, 14000 BUKIT MERTAJAM P.PINANG', '019-5723601', 9, '', ''),
(90, 'KAMSIAH BINTI HAMID', 1, '641015-04-5480', 49, '6002352', 'NO 437 LORONG 6/1 TAMAN MAKMUR,SG SELUANG, 09600 LUNAS KEDAH', '017-5792352', 9, '', ''),
(91, 'FAIZAH BINTI SHARIFF', 1, '600405-07-5668', 52, '163278', '3734 TASEK JUNJONG, 14120 SIMPANG AMPAT, SEBERANG PRAI, P.PINANG', '012-5853902', 9, '', ''),
(92, 'AMIR BIN OSMAN', 1, '570205-07-5917', 55, '30934', 'NO.  3734 TASEK JUNJONG, 14120 SIMPANG AMPAT, P.PINANG', '012-5853902', 9, '', ''),
(93, 'MOHD HUSSAIN BIN MUSA', 1, '601018-02-5059', 53, '10301114', 'NO. 3366-B, KAMPUNG SELAMAT, 13300 TASEK GELUGOR, PULAU PINANG', '017-4594867', 9, '', ''),
(94, 'ZOLKHE BIN HAMID', 1, '570216-02-5843', 56, '933855', 'F 864 KAMPUNG POKOK ASAM, JALAN PINANG TUNGGAL, 08000 SG PETANI,KEDAH', '019-5415768', 9, '', ''),
(95, 'MAHYOM BINTI OMAR', 3, '570801-02-6062', 56, 'T5500106', 'NO. 105 LORONG 5, TMN PUTERI LAGENDA, 08300 GURUN, KEDAH', '124439026', 9, '', ''),
(96, 'SEKAR A/L ANNAMALAI', 1, '600818-08-6111', 53, '1019824', 'BLOK 4A-14-19 JALAN SEMARAK API SATU, BANDAR BARU FARLIM, 11500 AYER ITAM, P.PINANG', '010-4670311', 9, '', ''),
(97, 'RAHANI BT IBRAHIM', 3, '591211-02-5476', 54, 'T5500147', 'NO 90 BATU 9, JLN LUNAS 09400 PADANG SERAI, KEDAH', '019-5490962', 9, '', ''),
(98, 'MOHAMAD AZAHARI BIN AZMI', 3, '820305-08-5345', 31, '829397', 'NO. 26 LORONG SERI DESA, 13 TAMAN SERI DESA, 13300 TASEK GELUGOR, P. PINANG', '012-4450705', 9, '', ''),
(99, 'MAHAMUD BIN YAACOB', 1, '631231-07-5239', 50, '1059662', 'NO 76 LRG 4 , TAMAN BUKIT PANCHOR, 14300 NIBONG TEBAL, SEBERANG PERAI SELATAN, P. PINANG', '195600862', 9, '', ''),
(100, 'ISHAK BIN BAHAROM', 1, '560618-02-5775', 57, '1050248', 'NO. 119 KAMPUNG BATU 8, JALAN WENG, MUKIM SIONG, 09100 BALING, KEDAH', '019-5522873', 9, '', ''),
(101, 'MOHAMMAD MIZLAN VINCENT BIN ABDULLAH', 1, '670801-07-5137', 46, '6005960', 'BLOK 88C-8-12, TAMAN SERI RELAU, JALAN PAYA TERUBONG, 11900 BAYAN LEPAS P.PINANG', '012-5064384', 9, '', ''),
(102, 'ROMADI BIN MUSA', 1, '610829-02-5217', 52, '1045537', 'NO. 5724 KAMPUNG PERMATANG JANGGUS,13100 SEBERANG PERAI UTARA, PENAGA, P. PINANG', '017-4015502', 9, '', ''),
(103, 'CHE OMAR BIN HARON', 3, '590222-07-5415', 54, '811623', '3615 BUMBUNG LIMA, KEPALA BATAS, 13200 SEBERANG PERAI UTARA, P.PINANG', '012-4560031', 9, '', ''),
(104, 'AMAN BIN AWANG', 2, '601228-07-5839', 52, '710729', 'NO. 11 LORONG BERTAM INDAH 6, TAMAN BERTAM INDAH, 13200 KEPALA BATAS, P. PINANG', '019-3050262', 9, '', ''),
(105, 'MAT RODZI BIN HASSAN', 1, '500916-07-5223', 63, '453379', '10902 JALAN DAYA KELADI, 13200 KEPALA BATAS, SEBERANG PERAI UTARA, P. PINANG', '125782770', 9, '', ''),
(106, 'ISMAIL BIN OTHMAN', 1, '561214-02-5079', 56, '1014823', 'NO. 2350,JALAN MAHSURI 4/G, TAMAN MAHSURI FASA 3, 09400 PADANG SERAI, KEDAH', '012-5777159', 9, '', ''),
(107, 'SUNTONG BIN IBAK', 1, '600211-01-5309', 53, '1016438', '2517 KG KEMUNTING BARU, KARANGAN, 09700  KULIM, KEDAH', '012-4614763', 9, '', ''),
(108, 'OTHMAN BIN MOHAMED RASDI', 2, '641019-08-6095', 49, '714491', 'NO. 1567 KG SETOL PERMATANG BULOH, 13200 KEPALA BATAS, P.PINANG', '012-5602342', 9, '', ''),
(109, 'SURAINI BIN WAN ISHAK', 1, '620309-07-5359', 51, '1053969', 'NO. 1567 KG SETOL PERMATANG BULOH, 13200 KEPALA BATAS, P.PINANG', '012-4117567', 9, '', ''),
(110, 'SAPIAH BT SAUD', 1, '521103-08-5478', 60, '144447', 'A-8-25 FLAT KAMPUNG MELAYU, 11500 AYER ITAM, P. PINANG', '017-4837985', 9, '', ''),
(111, 'ADZHAR BIN DERIS', 1, '600606-06-5087', 53, '1021157', '9777 KAMPONG SENTOL, PERMATANG BULUH, 13200 KEPALA BATAS, PULAU PINANG', '016-4370227', 9, '', ''),
(112, 'MOHD NOR BIN NAHU', 1, '470628-08-5887', 65, '451966', 'NO. 35 LORONG 20, TAMAN ALMA JAYA ALMA, 14000 BUKIT MERTAJAM,P.PINANG', '016-4836944', 9, '', ''),
(113, 'MOHD FUAD BIN AWANG', 1, '670404-07-6179', 46, '1071141', '889 MK 5 KUBANG SEMANG, 14000 BKT MERTAJAM, P.PINANG', '019-4434467', 9, '', ''),
(114, 'ABDUL RAHIM IBRAHIM', 1, '570610-07-5011', 53, '1038819', 'BLOK 6-G-22, TAMAN PERDA BANDAR BARU, TELUK KUMBAR BAYAN LEPAS, 11900 P.PINANG', '012-4764812', 9, '', ''),
(115, 'ZAINUL ABIDIN BIN SALEH', 1, '490924-07-5059', 63, '453066', '719 MUKIM 8 KAMPUNG PAYA TANAH LIAT, 14000 B.MERTAJAM P.PINANG', '016-4946990', 9, '', ''),
(116, 'ISMAIL BIN SHARI', 1, '590227-02-5003', 54, '153241', '410 KAMPUNG PERMATANG TENGAH, 08500 KOTA KUALA MUDA, KEDAH', '013-4632734', 9, '', ''),
(117, 'ZULKIFLE BIN SUDIN', 2, '591208-07-5085', 53, '710079', '6218 N/TO (RU 691), JLN PASIR GEBU, 13100 PENAGA SEBERANG PRAI UTARA, P.PINANG', '017-5543942', 9, '', ''),
(118, 'MOHD RADZI BIN NORDIN', 1, '540418-02-5297', 58, '213453', '2290 LORONG MASJID, KG ALMA MUKIM 14 , 14000 BUKIT MERTAJAM, P.PINANG', '019-4285853', 9, '', ''),
(119, 'BAHARI BIN SAID', 1, '630322-07-5213', 49, '1059292', '436 MUKIM 14, KAMPUNG ALMA, 14000 BUKIT MERTAJAM, SEBERANG PERAI,  P.PINANG', '019-4082513', 9, '', ''),
(120, 'MD NOR BIN AB HAMID', 1, '521202-07-5275', 61, '209442', 'TBP 3496 MUKIM 14, KG ALMA 14000 B.MERTAJAM, P.PINANG', '013-3407474', 9, '', ''),
(121, 'MOHAMAD BIN ABU BAKAR', 1, '500402-02-5659', 62, '651234', 'NO. 49 LENGKOK SIAKAP SATU, SEBERANG JAYA, 13700 SEBERANG PERAI, P.PINANG', '017-4185208', 9, '', ''),
(122, 'ISHAK BIN SALLEH', 1, '600905-07-5621', 53, '1053889', 'NO. 452 MK 19 MENGKUANG TITI, 14000 BUKIT MERTAJAM, SEBERANG PERAI TENGAH, P.PINANG', '013-4519947', 9, '', ''),
(123, 'ROSLAN BIN HASSAN', 1, '691101-35-5069', 45, '1094536', 'NO. 600 MUKIM 9,TANAH LIAT 14000 B.MERTAJAM P.PINANG', '017-4037880', 9, '', ''),
(124, 'ABANG DAUD BIN ABANG JULAIHI', 2, '640514-13-5849', 49, '713961', '656 MUKIM 21, GUAR JERING GUAR PERAHU 14400 BUKIT MERTAJAM P.PINANG', '014-7463188', 9, '', ''),
(125, 'GOH YAM SENG', 2, '540516-07-5156', 58, '705801', '96 LRG SAUJANA PERMAI 1, TMN SAUJANA PERMAI, 14000 B.MERTAJAM, P.PINANG', '012-4928713', 9, '', ''),
(126, 'LEE CHONG MENG', 2, '600216-05-5035', 52, '708959', 'NO. 15 LRG KOTA PERMAI 1, TAMAN KOTA PERMAI, 14000 B.MERTAJAM P.PINANG', '012-4741132', 9, '', ''),
(127, 'JAMIL BIN CHE HUSSEIN', 2, '620401-40-5007', 50, '1045478', 'NO 1501 TINGKAT 2 TAMAN ARWANA JALAN PERMATANG PAUH 13700 SEBERANG JAYA BUTTERWORTH P.PINANG', '017-8325126', 9, '', ''),
(128, 'SHA''ARI AWANG', 1, '510319-07-5021', 62, '23077', '804 PERMATANG TINGGI, BAKAR BATA 13200 KEPALA BATAS P.PINANG', '017-4953296', 9, '', ''),
(129, 'SAMSUDIN BIN MANAF', 1, '560313-02-5125', 57, '933840', 'BLOK C 15-45 PANGSAPURI AMPANG JAJAR JALAN, PERMATANG PAUH, 13500 BUTTERWORTH, P.PINANG', '014-7400803', 9, '', ''),
(130, 'HUSSIN BIN ISMAIL', 1, '660522-07-5709', 47, '1095994', 'NO 6853 MUKIM 3 KAMPUNG PELET, 14010 BUKIT MERTAJAM P.PINANG', '017-4229324', 9, '', ''),
(131, 'MUSTAFA BIN AWANG KECHIL', 1, '580301-07-5879', 55, '1010887', 'NO 51 LRG RELAU 1, TMN RELAU INDAH RELAU INDAH, 14200 SG BAKAP SEBERANG SELATAN', '017-4185963', 9, '', ''),
(132, 'ABDUL HALIM BIN AHMAD', 2, '660707-07-5617', 47, '714621', 'SB 600 UNIT 2 MUKIM 2, TANJUNG PUTUS 13500 PERMATANG PAUH, P.PINANG', '174067163', 9, '', ''),
(133, 'ZAINI BIN AWANG', 1, '610613-07-5557', 52, '1033705', 'NO 5 LORONG PANGLIMA 8, BERTAM PERDANA 2,13200 KEPALA BATAS P.PINANG', '019-4181666', 9, '', ''),
(134, 'MOHD HARIS BIN EMBI', 1, '510912-07-5233', 61, '411295', '23A LORONG 1/SS2 BANDAR TASIK MUTIARA, 14120 SIMPANG AMPAT, SEBERANG PERAI SELATAN, P.PINANG', '012-4732572', 9, '', ''),
(135, 'MOHD ADAMI BIN HJ JAMHARI', 1, '600119-08-5419', 53, '151539', 'F 39 JLN SG KOTA, TITI SERONG, 34200 PARIT BUNTAR, PERAK', '013-4248855', 9, '', ''),
(136, 'MOHD NOOR BIN SALLEH', 1, '451006-02-5181', 67, '206174', 'NO. 1163 BANDAR PUTERI JAYA 217B, BANDAR PUTERI JAYA, 08000 SG PETANI KEDAH', '012-4781724', 9, '', ''),
(137, 'AB MAJID BIN AB HAMID', 1, '541022-07-5479', 59, '29706', 'NO 4544 KAMPUNG AMAN, 13220 KEPALA BATAS P.PINANG', '016-4939714', 9, '', ''),
(138, 'TEOH BENG TEONG', 2, '550904-02-5021', 57, '705808', '595 LRG NILAM 1/1 TMN DELIMA, 08000 SG PETANI,KEDAH', '019-4433057', 9, '', ''),
(139, 'ZAINON BIN ARIFFIN', 1, '560307-07-5361', 56, '303967', 'NO. 124-J BATU FERINGGI, 11100 BATU FERRINGHI P.PINANG', '014-3456739', 9, '', ''),
(140, 'FADZIL SHAH BIN NOOR AHMED SHAH', 2, '590521-02-5143', 53, '706458', '475 MK 3 PERMATANG PASIR, 13500 PERMATANG PASIR, 13500 PERMATANG PAUH PULAU PINANG', '019-5229415', 9, '', ''),
(141, 'OTHAMAN BIN MOHAMAD', 1, '480802-07-5393', 64, '23570', '1410 MK 2 SAMA GAGAH, 13500 PERMATANG PAUH, BUKIT MERTAJAM,  P.PINANG', '013-4454030', 9, '', ''),
(142, 'ABDUL RASHID BIN ABD RAHMAN', 1, '500416-07-5083', 62, '208089', 'BLOK A 9-8  PANGSAURI SUTERA, JALAN SUTERA 3, SEBERANG JAYA 13700 PERAI P.PINANG', '017-4532766', 9, '', ''),
(143, 'ABDUL MANAF BIN ABDUL MAJID', 1, '440513-02-5369', 69, '451425', 'NO F 61 KG KUALA SELAMA, SELAMA  09810 SERDANG KEDAH', '013-4348544', 9, '', ''),
(144, 'YAHAYA BIN SALLEH', 1, '520321-07-5265', 60, '25577', 'NO 4129 LUBOK MERIAM 13300 TASEK GELUGOR P.PINANG', '019-4800429', 9, '', ''),
(145, 'MD RASHID BIN DIN', 1, '500629-07-5271', 63, '453100', '5835 KEBUN SIREH 14000 BUKIT MERTAJAM P.PINANG', '019-5442868', 9, '', ''),
(146, 'ZAKARIA BIN ARIFFIN', 1, '360207-07-5237', 76, '18191029', '363 PERMATANG BERTAM 13200 KEPALA BATAS P.PINANG', '013-3524214', 9, '', ''),
(147, 'SABRI BIN SAB', 1, '620223-07-5067', 51, '1035806', 'LOT 106 A KAMPUNG KELANG MAKAU 08000 SG PETANI KEDAH', '-', 9, '', ''),
(148, 'ABDUL WAHAB BIN CHE MAI', 0, '540410-02-5727', 0, '144292', 'NO 9 LORONG 4/10 TAMAN SRI SERDANG KEPALA BATAS 13200 P.PINANG', '014- 7530344', 9, '', ''),
(149, 'JASDI BIN ABD ROOF', 1, '570125-02-5661', 56, '1015460', 'NO 831 KG PENGKALAN JLN STESEN 14200 BUKIT MERTAJAM P.PINANG', '012-5044537', 9, '', ''),
(150, 'AHMAD BIN ABD RAHIM', 1, '580219-07-5183', 55, '1015508', 'TANAH LOT KG KILANG BATU RALAU, 14200 SUNGAI BAKAP, SEBERANG PRAI SELATAN, P.PINANG', '012 4224866', 9, '', ''),
(151, 'ZULKIFLI BIN MD HASAN', 1, '490901-07-5419', 63, '550945', '2533 KG PENGKALAN JLN STESEN SG BAKAP 14200 P.PINANG', '012-4798707', 9, '', ''),
(152, 'MOHAMED NOR BIN ABU BAKAR', 1, '560930-06-5093', 56, '1025647', 'F711 KG TENGAH PADANG TEMUSU 08000 SG PETANI KEDAH', '012-5710550', 9, '', ''),
(153, 'AZMI BIN REJAB', 1, '550104-07-5063', 58, '932026', 'NO 10953KG POKOK JENERIH 13300 TASEK GELUGOR P.PINANG', '019-5685089', 9, '', ''),
(154, 'MOHD ARIFF BIN ABDUL AZIZ', 3, '591226-07-5505', 53, '812711', '329 JLN MAHSURI 1B TAMAN MAHSURI FASA 4C 09400 PADANG SERAI', '013-9090465', 9, '', ''),
(155, 'MD RADI @RODZI BIN MOHAMAD', 1, '500115-07-5215', 63, '24356', 'NO 5096 MUKIM 3 KAMPONG PETANI 14400 BUKIT MERTAJAM P.PING', '013-4040420', 9, '', ''),
(156, 'SAZALI BIN SHERIFF', 1, '661106-07-5835', 47, '1076848', '1526 SIMPANG 3 POKOK SENA KEPALA BATAS 13200 P.PINANG', '019-5256285', 9, '', ''),
(157, 'MUHAMAD DIN BIN MUHAMAD', 1, '480909-08-5065', 65, '18753', '558 KG CHE AMINAH JLN BUKIT PANCHOR 14300 NIBONG TEBAL P.PINANG', '012-4134225', 9, '', ''),
(158, 'MUHAMMAD TAJUDDIN BIN ARIFFIN', 1, '510830-08-5681', 62, '28416', 'NO 22A KAMPONG PADANG RELAU 14200 SG BAKAP P.PINANG', '014-2402312', 9, '', ''),
(159, 'MARZUKI BIN MOHAMAD HASHIM', 1, '651211-08-5569', 47, '6002161', '1592 KG SIAM, JALAN KEBUN SIREH, 14000 BUKIT MERTAJAM, PULAU PINANG', '017-4536887', 9, '', ''),
(160, 'SABIRIN BIN ABDUL RAHMAN', 1, '660327-02-6581', 47, '1066549', 'LOT 106 A KG KELANG MAKAU 08000 SG PETANI KEDAH', '012-43165549', 9, '', ''),
(161, 'AZMI BIN KHALID', 1, '610928-02-5757', 51, '1050392', 'F 865 KG POKO ASAM JLN PINANG TUNGGAL 08000 SG PETANI KEDAH', '010 3821308', 9, '', ''),
(162, 'NOOR AZMAN BIN CHE DIN', 3, '800331-02-6017', 32, '825103', 'F 26 KG SEBERANG TERUS 08500 KOTA K.MUDA KEDAH', '017-4902363', 9, '', ''),
(163, 'AB SAMAD BIN ISMAIL', 2, '600217-01-5289', 53, 'T708128', 'NO 25 JALAN NILAM BNDR MAS 81900 KOTA TINGGI JOHOR', '013-7374906', 9, '', ''),
(164, 'SABRI BIN YATIM', 1, '690429-07-5517', 44, 'T533876', '5771 PAJAK SONG 13200 KEPALA BATAS P.PINANG', '019-4045001', 9, '', ''),
(165, 'YAHAYA BIN WAHAB ', 1, '550304-02-5677', 58, 'T 154236', 'NO  4129 LUBOK MERIAM 13300 TASEK GELUGOR P.PINANG', '194800429', 9, '', ''),
(166, 'AHMAD ANUAR BIN ALI', 1, '670410-07-6183', 46, '533488', 'TBP 6021 MK 21, GUAR PERAHU 14000 BUKIT MERTAJAM P.PINANG', '012-4083448', 9, '', ''),
(167, 'HARIS FADILAH BIN ABU BAKAR', 3, '580401-08-5409', 55, '808984', '87 MUKIM 20 KUBANG SEMANG 14000 B.MERTAJAM P.PINANG', '012-4801730', 9, '', ''),
(168, 'PARAMESWARAN A/L MADAVIN', 3, '610129-08-6027', 52, '808524', 'NO 39 LRG LAKSMANA 1, TMN KERIANG PARIT BUNTAR, 34200 PERAK', '016-5981350', 9, '', ''),
(169, 'MOHD NORRIZAL BIN ABDUL RAHIM', 1, '760106-07-5249', 37, '1113754', 'TS 6009 PERMATANG TOK GELANG 13100 PENANGA BUTTERWORTH', '017-5867234', 9, '', ''),
(170, 'S. GANESAN A/L SAMIAH', 2, '600831-08-5113', 52, '707920', '155 PERSIARAN MURNI, TAMAN DESA MURNI SG DUA, 13800 BUTTERWORTH, P. PINANG', '016-4948635', 9, '', ''),
(171, 'MAT NAIAN BIN HASSAN', 1, '590119-08-5017', 54, '1011932', '4-15 LRG SEJAHTERA JAYA3/1 TMN SEJAHTERA JAYA ALMA 14000 B.MERTAJAM P.PINANG', '013-4284543', 9, '', ''),
(172, 'ABDUL RAHIM BIN ABD WALID', 1, '630404-07-5903', 50, '1066256', 'F 221 KAMPUNG PASIR, 08400 MERBOK KEDAH', '019-4330531', 9, '', ''),
(173, 'KALIDAS A/L RAMASAMY', 2, '580701-08-5523', 55, '708516', '20 JLN CENDERAWASIH 7, TMN CENDERAWASIH, 14300 NIBONG TEBAL P.PINANG', '012-4655146', 9, '', ''),
(174, 'AHMAD BIN HAMID', 1, '601003-07-5125', 53, '1020875', 'NO 817 SIMPANG EMPAT PERMATANG BULOH 13200 KEPALA BATAS,P.PINANG', '013-4589662', 9, '', ''),
(175, 'SENAWI BIN HASSAN', 1, '570621-07-5545', 56, '1046914', 'NO 19 LORONG MUDA 4 TAMAN K.MUDA 13110 PENAGA P.PINANG', '017-5352405', 9, '', ''),
(176, 'MOHAMMAD SANI BIN DIN', 1, '591020-07-5737', 54, '1024519', 'BLOCK A T-9-08 TMN SRI PINANG, SG PUYU, 13020 BUTTERWORTH', '013-4493758', 9, '', ''),
(177, 'SULAIMAN SHAH BIN ABDULLAH', 1, '570522-10-6027', 56, 'T3000285', 'NO 2A LORONG 2 TMN RUPAWAN 13200 KEPALA BATAS P.PINANG', '012-4732189', 9, '', ''),
(178, 'JAMALUDDIN BIN MAT AJI', 1, '590103-02-5247', 54, 'T1016287', '58 KG PADANG BULUH SIDAM KIRI 09400 PADANG SERAI KEDAH', '019-5424789', 9, '', ''),
(179, 'RUMLI BIN KHAMIS', 1, '601103-07-5173', 53, 'T1038539', 'NO 4485 AIR MELINTAS BESAR 13300 TASEK GELUGOR P.PINANG', '019-4163380', 9, '', ''),
(180, 'SYED ZULKIFLE BIN SYED SALIM', 1, '551108-08-6231', 57, 'T1039992', 'NO 7 LORONG ARWANA 1 TAMAN ARWANA  13500 PERMATANG PAUH P.PINANG', '019-4794468', 9, '', ''),
(181, 'ABDUAL NASIR BIN ARIFFIN', 1, '560810-08-6631', 57, '31744', '979 MK 6 JLN OSMAN ARSHAD KPG JLN BARU JLN BARU 13700 PERAI', '019-5266374', 9, '', ''),
(182, 'OTHMAN BIN YUSOFF', 1, '490319-07-5755', 63, '930401', '1001 PERMATANG SUNGAI DUA 13200 KEPALA BATAS SPU', '012-5513591', 9, '', ''),
(183, 'HAMDI BIN OSMAN', 1, '611109-07-5237', 50, '1038351', 'NO 877 PERMATANG KUANG 13100 PENAGA P.PINANG', '016-4768381', 9, '', ''),
(184, 'OTHMAN BIN SAAD', 1, '520514-02-5563', 61, '28296', '4657 KG AIR MELINTAS BESAR 13300 TASEK GELUGOR P.PINANG', '012-407411', 9, '', ''),
(185, 'AB.RAHIM MOHD NOOR', 1, '500318-07-5047', 63, '19732', 'NO 276 KG PERMATANG BOGAK 13200 KEPALA BATAS', '012-5043769', 9, '', ''),
(186, 'ABU TALIB BIN MD HUSSAIN', 1, '490202-08-5263', 64, '208906', '1740 MK 14 KAMPUNG ALMA 14000 BUKIT MERTAJAM P.PINANG', '019 4771747', 9, '', ''),
(187, 'MD SARIF BIN HASAN', 1, '541117-07-5527', 59, '933362', 'NO 301 PAYA KELADI HUJUNG 13200 KEPALA BATAS P.PINANG', '019-4246842', 9, '', ''),
(188, 'NOR BASHA BIN IDRIS', 2, '530629-02-5239', 59, '703854', 'LOT 2007 JALAN PADANG MATI BENDUNG DALAM 08400 MERBOK', '019-2752040', 9, '', ''),
(189, 'MD. SAAD BIN ZAINOL', 1, '511116-07-5325', 62, '26418', '1532 KAMPUNG BARU ALMA 14000 BUKIT MERTAJAM P.PINANG', '019-4729099', 9, '', ''),
(190, 'JASMANI B HAMID', 1, '561024-09-5017', 56, '1012801', 'A BLOK A 4 07 PANGSA PPR AMPANG JAJAR 13500 PERMATANG PAUH P.PINANG', '012-4593072', 9, '', ''),
(191, 'SAIDIN B OSMAN', 3, '690113-02-5097', 44, '816904', 'NO 56 KAMPUNG SERA SG ULAR 09000 KULIM KEDAH', '017-4064049', 9, '', ''),
(192, 'SOORIA CHANDRA A/L ROO', 3, '651011-02-5019', 47, '816769', 'NO 50VTMN ORKID FASA 1 08000 SG PETANI KEDAH', '016-4510462', 9, '', ''),
(193, 'ADNAN BIN MOHD TAIB', 1, '530807-10-6083', 59, '7501532', 'NO. 15 RTB MENDERANG, KG MENDERANG, 35600 SUNGKAI, PERAK', '019-5791907', 7, '', ''),
(194, 'AZIZ BIN MOHD YUSOF', 1, '660510-08-7489', 47, '7510588', 'NO. 193 KAMPUNG JAMUAN, JALAN IPOH, 33000 KUALA KANGSAR', '013-4881066', 7, '', ''),
(195, 'ABU KASIN HARRON', 1, '560118-38-5029', 57, '1013808', 'NORMBOR 29 JALAN 8, TAMAN SUNGAI MAS, 34000 TAIPING, PERAK', '017-5210082', 7, '', ''),
(196, 'KALAI CHELVAN A/L RAMIYAH @ RAMAYAN', 1, '580510-08-5301', 55, '1024509', 'NO. 20 PERSIARAN WIRA JAYA BARAT 28 TAMAN AMPANG, 31350 IPOH, PERAK', '019-5722411', 7, '', ''),
(197, 'MUNIANDY A/L GOVINDARAJOO', 1, '571219-02-5093', 55, '1012424', 'NO. 8 LRG 10, TAMAN SIMPANG BAKTI SIMPANG, 34700 TAIPING, PERAK', '016-5132475', 7, '', ''),
(198, 'MOHD SHUHAILI MOHD ZAIN', 1, '620705-08-5807', 50, '1044244', 'NO. 11 KAMPUNG DATO KAMARUDIN, 35500 BIDOR, PERAK', '012-6248249', 7, '', ''),
(199, 'MOHD TAHEAR HARON', 1, '591111-08-5009', 54, '1018739', 'NO. 3244, FELDA GUNONG BESOUT TIGA, PERINGKAT 2, 35600 SUNGKAI, PERAK', '013-4162841', 7, '', ''),
(200, 'MOHAMAD ISMAIL', 1, '551210-08-6035', 56, '30502', '3235 FELDA GUNONG BESAUT 3, SUNGKAI PERAK', '019-3408038', 7, '', ''),
(201, 'BAHARUDDIN ZAIDIN', 3, '621125-08-5493', 51, '811621', 'D/A HJH BADARIAH HJ KAHAR, KG ARA PANJANG,33800 MANONG KUALA KANGSAR, PERAK', '017-5857621', 7, '', ''),
(202, 'MOHAMAD ROZI HASAN', 1, '530908-08-5891', 59, '454715', 'BATU 47 1/2 KAMPUNG SUAK PETAI, 33800 MANONG, KUALA KANGSAR, PERAK', '019-5574715', 7, '', ''),
(203, 'ZABIDI SHAH', 1, '660101-36-5193', 47, '1068023', 'LOT 1322, JALAN OSMANIAH, KG. TENGKU HUSSIAH TAMBAHAN, 30020 IPOH, PERAK', '016-5685581', 7, '', ''),
(204, 'MOHD BASHAH KAMARUDDIN', 1, '611108-08-6137', 52, '1046215', 'NO. 31 KAMPUNG HAJI TAIB, KUALA KURAU, 34350 PERAK', '017-4163124', 7, '', ''),
(205, 'MOHD ROSLAN MOHD MORSIT', 1, '721110-08-6141', 41, '6046246', '6/82 FELCRA NASARUDDIN BELIA KM 37 JALAN TRONOH, 32600 BOTA PERAK', '019-5439764', 7, '', ''),
(206, 'MOHMAD JAFRI AHMAD HANAPI', 1, '650322-08-6455', 51, '1071454', 'LOT 19 KG TERSUSUN, KLEDANG UTAMAN, 31100 SG SIPUT (U), PERAK', '016-5490490', 7, '', ''),
(207, 'ABDUL LATIFF JANALLAH ABIDIN', 1, '620708-08-5677', 51, '1038410', 'NO. 30, JALAN TM 1/10, TAMAN TUPAI MAS 1, 34000 TAIPING, PERAK', '014-3078630', 7, '', ''),
(208, 'SHEIKH AHMAD ZULFIKAR ALI SULAIMAN', 1, '711230-08-5929', 42, '1101260', 'LOT 162A BT 18 PADANG ASAM, PDG RENGAS KUALA KANGSAR, 33700 PERAK, MALAYSIA', '012-5984979', 7, '', ''),
(209, 'YUNUS MURAH', 1, '600110-12-6771', 53, '1036326', '230 KAMPUNG LASAH, SG SIPUT UTARA, 31100 PERAK', '019-5746329', 7, '', ''),
(210, 'MOHD SUBHA RI', 3, '560203-08-5397', 57, '401606', '160 JLN SM2A/10 FASA 2A, 32040 SERI MANJUNG, PERAK', '013-7744186', 7, '', ''),
(211, 'MD NOR DAHLIN', 1, '530829-08-5153', 60, '157505', 'NO. 134, KAMPONG PERMATANG RAJA PANTAI REMIS, PERAK', '012-5800150', 7, '', ''),
(212, 'ZULKIPLY ABU HASSAN', 1, '581212-08-5033', 54, '1019039', 'NO. 28 KAMPONG CHANGKAT DUKU, 33500 SAUK KUALA KANGSAR, PERAK', '019-4132847', 7, '', ''),
(213, 'ABDULLAH BIN DIN', 1, '620510-08-6033', 51, '1055423', 'NO. 12 KG TANJUNG TAMBAHAN, KG KEPAYANG, 31300 IPOH, PERAK', '017-5701792', 7, '', ''),
(214, 'NOR AZHAR BIN MOHD JAAFAR', 1, '711023-05-5401', 42, '1091753', '1508 PERSIARAN CHANDAN PUTRI 3, TAMAN CHANDAN PUTRI 3/5, 33000 KUALA KANGSAR, PERAK', '019-6265025', 7, '', ''),
(215, 'MUSA BIN DAHAMAN', 1, '611226-03-5015', 41, '1031996', 'NO. 57 JALAN MERAK BATU 8, 31150 ULU KINTA PERAK', '019-5132853', 7, '', ''),
(216, 'ROSLI BIN ABU TALIB', 1, '640903-02-5731', 49, '1068982', 'NO. 51 JALAN KOTA JAYA, TAMAN KOTA JAYA, 34700 SIMPANG TAIPING, PERAK', '019-5484058', 7, '', ''),
(217, 'SHAHARUDIN BIN OTHMAN', 1, '560317-08-6355', 56, '934087', 'NO. 130 KAMPUNG AIR KUNING, 34000 TAIPING PERAK', '012-4374329', 7, '', ''),
(218, 'HAIRUL NIZAM BIN ASHAARI', 1, '730819-02-5877', 40, '535537', 'NO. 22 JALAN PERMATA 1, TAMAN SERAI PERMATA, 34300 BAGAN SERAI, PERAK', '012-6230311', 7, '', ''),
(219, 'AB SIDIK MAT', 1, '680722-02-5747', 45, '1070509', 'NO. 171 JALAN WIRA UTAMA, TAMAN KOTA WIRA, 34010 ULU SEPETANG, PERAK', '019-3291139', 7, '', ''),
(220, 'MUHAMAD FIRDAUS CHE ROSS', 1, '840217-08-5087', 29, '23784', 'NO F867 BT 29 KG TITI GANTONG, BOTA KIRI, 32600 BOTA, PERAK', '014-2528009', 7, '', ''),
(221, 'KAMARUDZAMAN BIN MAT DOM', 1, '580509-08-6323', 54, '152713', 'KAMPUNG RABAN, 33400 LENGGONG, PERAK', '017-5180021', 7, '', ''),
(222, 'MOHD NOOR BIN ZAINOL', 1, '580911-08-5089', 55, '152828', 'NO. 454 JLN SUASA 1, FELDA TROLAK TIMUR, 35700 TROLAK, PERAK', '019-5440851', 7, '', ''),
(223, 'MALEK BIN HALID', 1, '590926-08-5021', 53, '1029735', 'NO. 104 BATU 2 3/4, JALAN SELAMA, MATANG JELUTONG, 34300 BAGAN SERAI, PERAK', '017-5124566', 7, '', ''),
(224, 'SHAH BUDIN BIN ABU HASAN', 1, '620719-02-5573', 50, '1051293', 'PARIT 37L, 36600 CHENDERONG, BALAI LABU KUBONG TELUK INTAN, PERAK', '019-5961191', 7, '', ''),
(225, 'SAMSUDIN BIN CHE YA', 1, '600208-08-6579', 52, '1057247', 'NO. 6 DATARAN PERPADUAN SELATAN 14, TAMAN HIBURAN 31150 ULU KINTA, IPOH PERAK', '017-5969967', 7, '', ''),
(226, 'AHMAD RASHID BIN OTHMAN', 3, '610206-08-6339', 51, '811196', 'NO. 164 FASA 2E, 32040 SERI MANJUNG, PERAK', '019-5405840', 7, '', ''),
(227, 'NAZLI B ABDULLAH', 3, '540701-13-5571', 58, '806465', 'NO. 2 BANGUNAN MPM, JALAN SENAWI, 32000 SETIAWAN, PERAK', '012-5739936', 7, '', ''),
(228, 'AZMI BIN MESRAN', 3, '761219-01-6805', 36, '822259', 'NO. 2, BANGUNAN MPM, PADANG ASTAKA, JALAN SENAWI, 32000 SITIAWAN, PERAK', '012-5141094', 7, '', ''),
(229, 'KHALID BIN ABDUL WAHAB', 1, '560328-08-5067', 57, '1019538', 'NO. 16 JALAN MAWAR SG.ROKAM, IPOH PERAK', '017-5281978', 7, '', ''),
(230, 'SURAIYA HANIE BINTI AHMAD', 3, '770927-14-6218', 36, '5500483', 'BANGLO 26 BUKIT PERWIRA, PANGKALAN TLDM, 32100 LUMUT, PERAK', '019-5565801', 7, '', ''),
(231, 'RADZALI BIN MOHD NORDIN', 1, '550303-08-6371', 58, '168904', 'NO. 114 KAMPONG 33000 KUALA KANGSAR PERAK', '012-5094910', 7, '', ''),
(232, 'ZAINUL ABIDIN BIN SAMEON', 3, '521218-08-5865', 60, '805109', 'BATU 30 3/4 KOTA LAMA KIRI, KUALA KANGSAR, 33000 PERAK', '017-5866807', 7, '', ''),
(233, 'MOHD KHADRI BIN AHMAD', 1, '581013-08-5073', 54, '1011413', 'NO 14 LALUAN MAJU 8, TMN CHEMOR IDAMAN CHEMOR 31200 PERAK', '017-5146568', 7, '', ''),
(234, 'SHAFIE BIN MAT NOR', 1, '620910-08-5793', 50, '1061324', 'NO. 40 LALUAN KLEBANG JAYA 15, TAMAN KLEBANG JAYA, 31200 CHEMOR, PERAK', '014-6386853', 7, '', ''),
(235, 'MOHD NASIB BIN MOHD YUSOFF', 1, '511103-08-6383', 62, '60544', 'LOT 4851 KAMPONG TERSUSUN BATU 6, LOT 4851 JALAN PADANG, 31150 ULU KINTA PERAK', '05-5454332', 7, '', ''),
(236, 'SHAFIE BIN ARIPIN', 1, '690130-08-5913', 44, '534441', 'LOT 106, KG CHEROK JAMUAN, 33000 KUALA KANGSAR PERAK', '013-2292246', 7, '', ''),
(237, 'MAH ZELLAN BIN MOHD YUSOF', 3, '630525-03-5983', 50, '811152', 'LOT 3846 KG RIBU, 33600 ENGGOR, KUALA KANGSAR, PERAK', '019-5164447', 7, '', ''),
(238, 'SAPIE BIN MAD SALAN', 1, '610313-10-5953', 52, '1022879', 'KG BATU 17, JALAN BERUAS, 32400 AYER TAWAR, PERAK', '010-3125953', 7, '', ''),
(239, 'NORIZAN BINTI AHMAD', 1, '610929-08-6324', 52, '5000416', '724E LORONG 3, KG JANA BARU, 34600 KAMUNTING, PERAK', '013-4584708', 7, '', ''),
(240, 'MOHAMED NOOR BIN MAMAT', 1, '601202-03-5011', 53, '1030531', 'NO 28 JLN ANGSA 6/5A SEKSYEN 6 SHAH ALAM 46000 SHAH ALAM SELANGOR', '019-3402038', 7, '', ''),
(241, 'MOHAMED AZIZUDDIN BIN MOHAMED YUSOF', 3, '600304-08-5795', 53, '808649', 'NO 212, C JALAN LINTANG 31100 SG. SIPUT UTARA PERAK', '017-5028419', 7, '', ''),
(242, 'KHADIJAH BT HAMDAN', 1, '601103-08-5670', 53, '5000502', '158 KAMPUNG TEMIN HILIR 31100 SG UTARA PERAK', '013-4723225', 7, '', ''),
(243, 'AHMAD BIN SAMAS', 1, '600329-01-6067', 53, '1053590', 'NO 60A KG KANDANG HULU KOTA LAMA KANAN 33040 KUALA KANGSAR PERAK', '017-5070496', 7, '', ''),
(244, 'SALJI BIN KULUB MOHD ADIN', 1, '421005-08-5425', 70, '14269', '164 JALAN IKHLAS, KAMPUNG SALAK BARU, 34800 TERONG, PERAK', '019-5591042', 7, '', ''),
(245, 'MOHD NASIRI BIN ISMAIL', 1, '690621-08-6435', 43, '1088378', '135, JLN WIRA UTAMA TAMAN KOTA WIRA 34010 ULU SEPETANG PERAK', '019-4307812', 7, '', ''),
(246, 'AZAHAR BIN DOLLAH', 1, '670704-08-6109', 46, '1073188', '78, LALUAN KLEBANG RESTU 26 MEDAN KLEBANG RESTU CHEMOR PERAK', '016-5310617', 7, '', ''),
(247, 'ISMAIL BIN SAAD', 1, '601103-07-5261', 52, '1033136', 'LOT 2552, KG CHAIN 33400 LENGGONG PERAK', '017-4859252', 7, '', ''),
(248, 'AZALE BIN HASSAN', 1, '570601-08-6167', 55, '708124', 'NO 123, KG GUNTONG 35600 SUNGKAI PERAK', '019-5768124', 7, '', ''),
(249, 'YAHYA ARIF BIN ISMAIL', 1, '540401-08-5867', 58, '502505', 'NO 13, PERSIARAN SATU, TAMAN BUNGA RAYA, 31000 BATU GAJAH PERAK', '019-4450970', 7, '', ''),
(250, 'HAMDAN BIN TAHIR', 1, '680917-08-6339', 45, '1079432', '2083, FELDA GUNUNG BESOUT 2, 35600 SUNGKAI, PERAK', '012-5714177', 7, '', ''),
(251, 'JURAGAN BIN BUYONG', 1, '600901-05-5193', 52, '1023039', '335A, JALAN MELUR FELDA TROLAK SELATAN 35600 SUNGKAI PERAK', '019-4476046', 7, '', ''),
(252, 'MUHAMAD YUSOF BIN MOHAMAD NOOR', 1, '821021-08-6543', 30, '1127762', 'F. 82 PEKAN TANJUNG PIANDANG 34250 TG. PIANDANG PERAK', '017-4687574', 7, '', ''),
(253, 'MOHAMMAD TARLY BIN SALLEH', 1, '610805-08-6445', 52, '1025498', 'NO. 1 KAMPUNG TERSUSUN GANDA TEMENGOR 33300, GERIK PERAK', '012-5435418', 7, '', ''),
(254, 'BAHAROM BIN ZANI', 1, '560709-08-5423', 56, '152754', 'NO. 71 B KAMPUNG AIR GANDA, GERIK PERAK', '012-5818491', 7, '', ''),
(255, 'ABDUL GHANI BIN ABDULLAH', 1, '560301-08-6633', 56, '145970', 'KM 4 JLN RAYA TIMUR BARAT KAMPONG BANDARIANG 33320 GERIK PERAK', '019-4367819', 7, '', ''),
(256, 'SUPIAN BIN HASHIM', 1, '551206-08-5515', 57, '1015602', 'NO. 65 KAMPUNG BUAIA, 33700 PADANG RENGAS, PERAK', '017-5192281', 7, '', ''),
(257, 'ZAINAL BIN SHAHUDDIN', 1, '591224-08-5371', 53, '1022653', 'LOT 7007 KG BARU GONG PAK JIN MENGABANG TELIPOT, 21030 KUALA TERENGGANU', '017-9504132', 11, '', ''),
(258, 'KAMARUDIN BIN AWANG THE', 2, '620814-11-5083', 51, '712634', 'NO. 276 PAKR ALOR JAMBU WAKAF TENGAH, 21030 KUALA TERENGGANU', '019-9389190', 11, '', ''),
(259, 'AZIZ BIN ISMAIL', 1, '490312-11-5187', 63, '411389', 'LOT 6555-A BATU 9 ó JALAN KUALA BERANG, PADANG MENGKUANG BKT PAYONG, 21400 MARANG TERENGGANU', '012-6231605', 11, '', ''),
(260, 'MOHD BASRI BIN MOHD KHALID', 1, '590406-11-5127', 54, '1012672', '1221 JALAN PASIR PANJANG, 21100 KUALA TERENGGANU, TERENGGANU', '011-12158896', 11, '', ''),
(261, 'MAHAMUD BIN ZAKARIA', 1, '490306-08-5727', 63, '117881', 'PT 2000 TAMAN BUKIT BAYAS INDAH, JALAN PASIR PANJANG, 21100 KUALA TERENGGANU', '014-3303321', 11, '', ''),
(262, 'SAID MUHAMMAD BIN TUAN DALAM', 1, '510916-11-5001', 61, '1027435', 'M-101 TAMAN PERMINT PERMAI, KAMPUNG BUKIT CHENDERING, KUALA TERENGGANU', '014-8221905', 11, '', ''),
(263, 'ABDUL RAZAK BIN MOHAMAD', 1, '520712-11-5009', 61, '551369', 'B 69 TAMAN PERUMAHAN WAKAF TENGAH, 21030 KUALA TERENGGANU', '012-9601396', 11, '', ''),
(264, 'ABU BAKAR BIN AWANG DA', 1, '580129-06-5387', 55, '1046938', 'NO 1204 KAMPUNG BATU HAMPAR MANIR, 21200 KUALA TERENGGANU', '013-9787890', 11, '', ''),
(265, 'ABDUL GHAFAR BIN LEMAN', 1, '610203-04-5021', 51, '1025154', 'NO. 33 TAMAN PUTRI PAYONG FASA 2 BINJAI BONKOK, BUKIT PAYONG, 21400 MARANG, TERENGGANU', '013-2589872', 11, '', ''),
(266, 'ABD AZIZ BIN AHMAD', 1, '520819-08-5997', 60, '29887', 'PT11114 KG TELAGA DAING, JALAN TELOK KETAPANG, SEBERANG TAKIR, 21300 KUALA TERENGGANU', '013-9320788', 11, '', ''),
(267, 'AMRAN BIN MOHD', 1, '560625-11-5445', 57, '503455', 'A 80 KAMPUNG GELUGOR HAJI TAHIR, 20050 KUALA TERENGGANU', '013-9362964', 11, '', ''),
(268, 'MOHD JELAN BIN JAMBOL', 1, '660719-11-5161', 47, '6017219', '256 KAMPUNG TUALANG MANIR, 21200 KUALA TERENGGANU', '019-9993735', 11, '', ''),
(269, 'YUSOFF BIN MOHD', 1, '500501-11-5027', 63, '651370', '283 TAMAN PERUMAHAN TELAGA DAING, JALAN KETAPANG 4, SEBERANG TAKIR, 21300 KUALA TERENGGANU', '019-9658281', 11, '', ''),
(270, 'SA?AT BIN SULONG', 1, '510502-11-5159', 62, '651374', 'JA 11, KAMPUNG JERONG SURAU, WAKAF TAPAI, 21040 MARANG TERENGGANU', '019-9270083', 11, '', ''),
(271, 'JOHARI BIN YAHAYA', 1, '590113-07-5571', 53, '1016388', 'MO-5437-2 LEMBAH HARAPAN, SEBERANG TAKIR, 21300 KUALA TERENGGANU', '019-9664553', 11, '', ''),
(272, 'TENGKU MALEK BIN TENGKU GHANI', 1, '610523-11-5201', 51, '1026001', 'NO 813 KAMPUNG KEPONG, 20050 KUALA TERENGGANU', '017-9659086', 11, '', ''),
(273, 'WAN JUSOH BIN WAN LONG', 2, '600812-11-5057', 53, '1049518', 'NO 79 RUMAH MURAH MENGABANG, LEKAR BATU RAKIT KUALA TERENGGANU, 21020 TERENGGANU', '013-2769884', 11, '', ''),
(274, 'MOHD GHAZALI BIN HAJI MUDA', 1, '550221-11-5191', 58, '551843', 'LOT 15661 JALAN KETAPANG 6/1 KG TELUK KETAPANG, SEBERANG TAKIR, 21300 KUALA TERENGGANU', '019-9041909', 11, '', ''),
(275, 'AMRAN BIN JAIS', 1, '660302-11-5393', 47, '1064185', '2481 KAMPUNG BAHARU, SERADA 20050 KUALA TERENGGANU', '019-9066187', 11, '', ''),
(276, 'YUSOF BIN YAACOB', 1, '440521-11-5081', 68, '126220', 'D-523 KAMPUNG KUALA BEKAH JALAN PULAU MUSANG, KUALA TERENGGANU', '019-9836408', 11, '', ''),
(277, 'MOHAMAD @ KAMAL BIN HARON', 1, '480610-11-5215', 65, '60433', 'LOT 18685 TAMAN SRI TERBAUK KAMPUNG, KAMPUNG TERBAUK', '019-9891634', 11, '', ''),
(278, 'AMRAN BIN SEMBAK', 2, '590805-11-5191', 54, '707946', 'PT-3446 TAMAN PERMINT INDAH, 23000 DUNGUN TERENGGANU', '017-9615399', 11, '', ''),
(279, 'MOHD NASIR BIN HASSAN', 1, '630323-11-5387', 50, '1062639', '717 KG SURA TENGAH DUNGUN, 23000 TERENGGANU', '019-9581963', 11, '', ''),
(280, 'MOHD BAHARUDDIN BIN HARUN', 3, '740409-11-5203', 39, '821606', '1758-B-KG BANGGOL MANIR, 21200 KUALA TERENGGANU', '014-8252661', 11, '', ''),
(281, 'ZAIPULIZAN BIN MUDA', 1, '630101-11-7547', 50, '6007549', 'PT 1429 JALAN MASJID PADANG MIDIN, LRG HAJJAH WOOK TOK HAKIM, KUALA TERENGGANU', '014-2165296', 11, '', ''),
(282, 'MAHHARAN BIN HARUN', 3, '650205-11-5763', 48, '815421', 'LOT 321 TAMAN SAFIAH, MURNI BUKIT PAYONG, 21400 MARANG, TERENGGANU', '012-9010667', 11, '', ''),
(283, 'ZAINAL ABIDIN BIN ABDUL DRANI', 2, '641224-38-5019', 49, '714240', 'NO. 88 TAMAN HAJI ISMAIL BINJAI RENDAH 21400 MARANG, TERENGGANU', '012-9761099', 11, '', ''),
(284, 'AZLAN BIN SAAD', 1, '660131-02-5325', 46, '1068356', 'NO 677 KG WAKAF DUA, BUKIT PAYONG 2140 MARANG, TERENGGANU', '019-9348479', 11, '', ''),
(285, 'MAT NAYAN BIN HALIDI', 1, '601128-02-5957', 52, '1061056', 'NO. 146 TAMAN DESA PUTRA, BANGGOL TUAN MUDA 21200 MANIR, KUALA TERENGGANU', '019-9491611', 11, '', ''),
(286, 'ZAINURIN BIN ISMAIL', 3, '670124-11-5559', 46, '814710', '493 KAMPUNG RU DUA, 21600 MARANG TERENGGANU', '013-9225934', 11, '', ''),
(287, 'TENGKU DAUD @ TUAN HARUN BIN ABDULLAH', 1, '491008-11-5101', 63, '27612', '1707 JALAN MAWAR 10, TAMAN PERMIN JAYA CHENDERING, 21080 KUALA TERENGGANU', '019-9740469', 11, '', ''),
(288, 'MOHAMAD SAFIEE BIN YATIM', 1, '550714-10-5813', 58, '154668', 'A 1195 KG KUBANG BAPAK, 21300 KUALA TERENGGANU', '011-29390331', 11, '', ''),
(289, 'TENGKU MOHD ALI BIN MANSOR', 1, '480615-11-5193', 65, '452818', '394 KAMPUNG BARU PENARIK, 22120 SETIU, TERENGGANU', '012-9605799', 11, '', ''),
(290, 'ISMAIL BIN UNTONG', 1, '590720-06-5439', 54, '1032634', '3787 KAMPONG PULAU KETAM, 20100 KUALA TERENGGANU', '013-9873536', 11, '', ''),
(291, 'JUSOH BIN YUNUS', 1, '581101-11-5359', 55, '1019735', 'LOT 42 TMN KATONG JAYA SERADA, 20050 KUALA TERENGGANU', '013-9521508', 11, '', ''),
(292, 'ZAKARIA BIN IBRAHIM', 1, '550510-11-5067', 58, '149484', '707 B1 BELAKANG BEREK HOSPITAL, 20400 KUALA TERENGGANU', '010-9178232', 11, '', ''),
(293, 'WAN CHEK @ WAN CHIK BIN NGAH', 1, '490130-11-5135', 63, '123894', '1246 JALAN PASIR PANJANG, KUALA TERENGGANU', '012-9835094', 11, '', ''),
(294, 'MOHAMAD BIN EMBONG', 1, '610209-11-5377', 52, '1035777', '141 KAMPUNG KEBOR TOK BILAL, 21200 MANIR, KUALA TERENGGANU', '011-14949019', 11, '', ''),
(295, 'WAN MUHAMMAD BIN WAN ISMAIL', 1, '691011-11-5299', 42, '1083729', '3556 KAMPUNG DUYUNG BESAR, 20100 KUALA TERENGANU', '019-9602006', 11, '', ''),
(296, 'MARAHAM @ MARHAM BIN MAT', 1, '630502-11-5139', 50, '1049470', 'LOT 265 JALAN TENGKU MIZAN, PULAU KETAM, 21300 KUALA TERENGGANU', '013-9227091', 11, '', ''),
(297, 'MOHD NOR BIN MAT JUSOH', 1, '620306-03-5669', 51, '198326', 'NO 1296A JALAN PASIR PANJNG, 21100 KUALA TERENGGANU', '014-8447905', 11, '', ''),
(298, 'WAN NORHAYATI @ MOHAMAD NOOR WAN ENDUT', 1, '630324-11-5231', 50, '6026969', '40-6 KAMPUNG GONG TOK NASEK, KUALA TERENGGANU', '019-9763036', 11, '', ''),
(299, 'AAYUB BIN MUDA', 3, '600426-11-5067', 53, '808496', '161 A JALAN SEK KEB CHENDERING, 21080 K.TERENGGANU', '013-9687201', 11, '', ''),
(300, 'MOHD ZUKI BIN NGAH', 1, '640405-11-5283', 48, '196790', '1077 KAMPUNG TELUK MENARA, 21200 MANIR, KUALA TERENGGANU', '013-9289220', 11, '', ''),
(301, 'MUSA BIN ABDULLAH', 1, '500530-11-5149', 63, '139781', 'NO. 32 KG LUBOK BATU KUALA TELEMONG, 21210 TERENGGANU', '013-9872622', 11, '', ''),
(302, 'TALIB BIN MD SAID', 1, '530423-08-5535', 60, '165820', 'LOT-1133 JALAN TALI AIR, GONG TOK NASEK, 21100 KUALA TERENGGANU', '014-5477020', 11, '', ''),
(303, 'IBRAHIM BIN YAACOB', 3, '590901-03-5407', 53, '809770', 'NO. 77 D, KAMPUNG LOSONG MASJID, KUALA TERENGGANU', '019-9013237', 11, '', ''),
(304, 'OTHMAN BIN SUNI', 1, '500317-13-5001', 62, '208692', 'D-1298 KG. PULAU RUSA, 20050 KUALA TERENGGANU', '019-9514095', 11, '', ''),
(305, 'AB GHANI BIN MUDA', 1, '480728-11-5237', 65, '23259', 'C-5030 KG PANTAI PERANGINAN, CHENDERING, 21080 KUALA TERENGGANU', '019-9733326', 11, '', ''),
(306, 'WAN OTHMAN BIN WAN SALLEH', 1, '480412-11-5217', 68, '301773', 'D320A, TANAH LOT, KAMPUNG PULAU RUSA 20050 KUALA TERENGGANU', '012-3169265', 11, '', ''),
(307, 'SIDIK BIN MAMAT @ MOHD', 1, '470208-11-5365', 66, '208181', '911 TAMAN PERMIN JAYA, CHENDERING, 21080 KUALA TERENGGANU', '019-9894157', 11, '', ''),
(308, 'HAMZAH BIN AWANG', 3, '480220-11-5025', 64, '802551', '363 KAMPUNG KUBANG IKAN, CHENDERING 21080 KUALA TERENGGANU', '019-9345836', 11, '', ''),
(309, 'RAZALI BIN MUDA', 1, '520105-11-5031', 61, '212619', 'B-1139 KAMPUNG BUKIT KANDIS, 21200 KUALA TERENGGANU', '019-9664639', 11, '', ''),
(310, 'ROSLI BIN YAACOB', 1, '660620-03-5639', 47, '1066020', 'NO 24 PPRT KG TELAGA DAING, SEBERANG TAKIR, KUALA TERENGGANU', '019-9215860', 11, '', ''),
(311, 'MOHD BAHARUDDIN BIN HJ SAID', 1, '670527-03-5465', 46, '533152', 'PT 260 TAMAN WAKAF DESA, JALAN TOK KENALI, 16150 KOTA BHARU, KELANTAN', '012-6303339', 11, '', ''),
(312, 'TENGKU SULAIMAN BIN TENGKU CHIK', 1, '500112-11-5007', 63, '208542', '417 KG TELOK MENARA MANIR, 21200 KUALA TERENGGANU', '013-9279560', 11, '', ''),
(313, 'SALLEH ZAINAL BIN AWANG', 1, '501009-11-5089', 63, '302971', '123A JALAN HILIRAN, 22000 KUALA TERENGGANU', '016-9299224', 11, '', ''),
(314, 'RAZALI BIN RENIK', 1, '611001-11-5209', 52, '1061941', 'PT 9093 KAMPUNG PAYA BALAI BESAR, 23000 DUNGUN, TERENGGANU', '019-9676686', 11, '', ''),
(315, 'MOHD YAZID BIN AWANG', 1, '490904-11-5295', 63, '125962', '171 KG SEKATI, TANAH LOT, 21200 MANIR, KUALA TERENGGANU', '019-9575518', 11, '', ''),
(316, 'SOBRI BIN ISMAIL', 1, '600614-02-5341', 52, '1022665', 'LOT  92 MPKT JALAN GELUGOR, 20050 KUALA TERENGGANU', '013-9787238', 11, '', ''),
(317, 'ROZLEZAN BIN MALIM @ IBRAHIM', 1, '720401-11-5825', 40, '1100713', '456 KG TELUK MENARA MANIR, 21200 KUALA TERENGGANU', '019-9003751', 11, '', '');
INSERT INTO `business_person` (`business_id`, `name`, `category`, `ic_no`, `age`, `army_no`, `address`, `telp_no`, `state_id`, `geo_location`, `business_logo`) VALUES
(318, 'MOHD HISSAM BIN ABD SOMAT', 1, '800515-11-5487', 33, '6117283', '4529 KG MANIR, 21200 KUALA TERENGGANU', '019-9799375', 11, '', ''),
(319, 'ILIAS BIN JUSOH', 1, '570126-11-5247', 56, '1012652', 'NO 4528A KG PADANG AIR TEPOH, 21060 KUALA TERENGGANU', '019-9341709', 11, '', ''),
(320, 'AZMAN BIN HARIS', 1, '651219-11-5187', 48, '1093386', 'A 491 KAMPUNG BARU SEBERANG TAKIR, 21300 KUALA TERENGGANU', '019-9282177', 11, '', ''),
(321, 'A. JALIL BIN AZIZ', 1, '650724-01-5975', 47, '1063972', 'NO. 3 KG KURNIA SAKTI, KUNDANG ULU, 84710 MUAR, JOHOR', '012-6028070', 1, '', ''),
(322, 'ABD RAZAK BIN MOHD DIN', 1, '540510-06-5443', 58, '29551', 'NO. 23 JALAN PERPADUAN, 86300 RENGAM, JOHOR', '017-7840510', 1, '', ''),
(323, 'ABD SAMAD BIN MARHAN', 1, '621214-01-5059', 50, '1045623', 'N0. 60 PARIT KEMANG JALAN RAJA BUKIT PASIR, MUAR', '012-3014540', 1, '', ''),
(324, 'ABD WAHID BIN DAUD', 0, '570203-01-5013', 56, '1016659', 'REFER RP', '012-7464461', 1, '', ''),
(325, 'ABDUL AZIZ BIN AMAN', 1, '511210-01-5521', 61, '26775', 'LOT 686 KAMPUNG PARIT MASJID BUKIT PASIR, MUAR JOHOR', '017-6860346', 1, '', ''),
(326, 'ABDUL RAHMAN BIN SAIDON', 2, '571008-01-5047', 55, '708006', 'NO. 69 LORONG HAJI SAIDON KG PAYA PULAI, 85000 SEGAMAT, JOHOR', '017-7646506', 1, '', ''),
(327, 'ABDUL WAHAB BIN CHE LEH', 1, '620504-10-5031', 51, '1041854', '135 KAMPUNG FELDA SRI JAYA, BUKIT SERAMPANG LEDANG, 85210 JOHOR', '017-6826100', 1, '', ''),
(328, 'ABDUL WAHAB BIN SEMANI', 1, '520725-01-5023', 60, '651426', 'NO. 15 KEDAI FELDA SRI JAYA, BUKIT SERAMPANG, 85210 MUAR, JOHOR', '06-5776944', 1, '', ''),
(329, 'ABDULLAH BIN OMAR', 3, '630809-01-6207', 49, '812550', 'LOT 3402, JALAN PAWANG FELDA SRI JAYA BUKIT SERAMPANG, 85210 LEDANG, JOHOR', '013-6830249', 1, '', ''),
(330, 'ABU HASSAN BIN DAHWIN', 1, '460925-01-5501', 66, '124391', 'POS 8 KG TERUS PANCHOR, 84500 MUAR, JOHOR', '012-6998647', 1, '', ''),
(331, 'AHMAD RIFA?I BIN SELAMAT', 2, '600713-01-5421', 52, '708842', '313A JALAN SUNGAI BILAH, 84800 BUKIT GAMBIR, MUAR, JOHOR', '013-3585128', 1, '', ''),
(332, 'ALAM BIN SEAN', 1, '580919-01-5499', 54, '1014605', '212 JALAN IMAM SAAT, KG SAGIL, PARIT 3, LEDANG, TANGKAK JOHOR', '012-6968603', 1, '', ''),
(333, 'ALI BIN AHMAD', 2, '610403-01-5265', 51, '711252', 'NO. 228 SG MUDA, MK. SUNGAI BALANG, 83610 MUAR, JOHOR', '019-7688457', 1, '', ''),
(334, 'ALI BIN YUSOF', 2, '601207-01-5095', 52, '708850', '163 TAMAN MARIN, JALAN MARIN 1, SG ABONG, 84000 MUAR', '017-6219764', 1, '', ''),
(335, 'ANUAR BIN AHMAD', 1, '840323-01-6237', 29, '6165114', '311 BATU 2, TANJUNG GADING LAUT, 84000 MUAR, JOHOR', '012-7446607', 1, '', ''),
(336, 'ANUAR BIN YUNUS', 1, '751026-01-5911', 34, '535937', 'NO. 664 KM4 JALAN ABDUL RAHMAN, 84000 MUAR, JOHOR', '019-9554413', 1, '', ''),
(337, 'AYUB BIN HJ MINHAD', 1, '590202-01-5677', 53, '187573', 'LOT 3333 FELDA SRI JAYA, BUKIT SERAMPANG, 85210 LEDANG, JOHOR', '017-6575970', 1, '', ''),
(338, 'AZIZ BIN ALI', 1, '570807-01-6631', 56, '1028220', 'NO. 215 PT NO. 3 JALAN YUSOF SG BALANG, 83610 MUAR, JOHOR', '012-7224580', 1, '', ''),
(339, 'AZNAN BIN IBRAHIM', 1, '610414-02-5469', 51, '1032127', 'KM 10 BUKIT PASIR, 84300 MUAR, JOHOR', '06-9856544', 1, '', ''),
(340, 'BAHAROM BIN ABD MAJID', 0, '530129-01-6117', 60, '651788', 'REFER RP', '019-7424888', 1, '', ''),
(341, 'BALAKRISHNAN A/L CHINNAPPAN', 1, '490118-01-5115', 64, '139705', '212 TAMAN INDAH 9, SG ABONG, 84000 MUAR, JOHOR', '016-7437996', 1, '', ''),
(342, 'BOIRAN BIN SIKOS', 1, '511022-01-5241', 62, '23480', 'NO. 23 TAMAN TEMIANG INDAH, JALAN KIM KEE OFF JALAN SALLEH, 84000 MUAR, JOHOR', '017-3853350', 1, '', ''),
(343, 'BOIRAN BIN SIKOS', 1, '511022-01-5241', 62, '23480', 'NO. 23 TAMAN TEMIANG INDAH, JALAN KIM KEE OFF JALAN SALLEH, 84000 MUAR, JOHOR', '017-3853350', 1, '', ''),
(344, 'FAIRUZ BIN YAHYA', 1, '720910-01-6745', 41, '1097461', 'LOT 261 JALAN MEDOI, KAMPUNG JAWA, 85000 SEGAMAT, JOHOR', '014-2714022', 1, '', ''),
(345, 'FUZIAH BIN WAGIMAN', 2, '610802-01-5254', 51, '5800114', '204 KAMPONG PARIT NO. 6 JALAN YUSOF, 83600 SEMERAH BATU PAHAT, JOHOR', '013-6533547', 1, '', ''),
(346, 'HAMIDAH BINTI MAHMOD', 1, '560829-01-6158', 56, '179751', 'KAMPUNG RENCHONG PAGOH, 84600 MUAR, JOHOR', '013-6530427', 1, '', ''),
(347, 'HAMIDAH BINTI MOHAMED', 1, '550122-01-6024', 57, '169720', 'BATU 6 « SUNGAI RAYA, BUKIT PASIR, 84300 MUAR, JOHOR', '017-6136068', 1, '', ''),
(348, 'HAMZAH BIN ABD HAMID', 1, '551024-01-5233', 57, '32663', 'NO. 18 LG 1 KAMPUNG SAWAH RING GERISEK, 87700 LEDANG, JOHOR', '017-6850595', 1, '', ''),
(349, 'HAMZAH BIN ARSHAD', 3, '580515-01-5767', 54, '808093', 'NO. 5 KG PT SAGIL, AYER HITAM 86100, BATU PAHAT, JOHOR', '012-7048673', 1, '', ''),
(350, 'HASBULAH BIN SALAM', 1, '600924-01-5739', 52, '1030388', 'MTK 68 BATU 4 1/2 , PARIT BUNGA, 84000 MUAR, JOHOR', '017-6060124', 1, '', ''),
(351, 'IBRAHIM BIN ABDUL HAMID', 1, '480125-01-6125', 64, '206530', 'NO. 2 TAMAN AMANSARI, JALAN TEMENGGONG AHMAD, 84000 MUAR, JOHOR', '019-5583455', 1, '', ''),
(352, 'IDRIS BIN MOHAMED', 2, '690915-06-5517', 43, '715109', 'NO. 32 KAMPUNG PARIT BUGIS, KAYU ARA PASONG, 82010 PONTIAN, JOHOR', '019-7057801', 1, '', ''),
(353, 'ISHAK BIN YACUB', 1, '680812-01-5497', 45, '6024765', 'NO. 2 JALAN IMPIAN 1, TAMAN SUTERA 2, KAMPUNG JAWA, 85000 SEGAMAT, JOHOR', '017-7331089', 1, '', ''),
(354, 'ISMAIL BIN LEBOH', 1, '600801-01-5069', 53, '1019294', 'NO. 1 KG MELAYU RAYA SAGIL LEDANG, JOHOR', '013-6012582', 1, '', ''),
(355, 'ISMAIL BIN MUHAMAD', 1, '560721-01-5727', 56, '934134', 'NO. 35 BATU 5 « SUNGAI TERAP, BUKIT PASIR, 84000 MUAR, JOHOR', '06-9850784', 1, '', ''),
(356, 'ISMAIL BIN TUMPANG', 1, '521013-01-5767', 60, '29360', 'LORONG ABDULLAH KAMPONG PERMATANG PASIR BUKIT PASIR, 84300 BUKIT PASIR, MUAR JOHOR', '016-7587287', 1, '', ''),
(357, 'JAFFAR BIN YAHYA', 1, '570913-01-5149', 55, '181278', 'POS 57 LORONG KENANGAN, JALAN JUNID, 84000 MUAR JOHOR', '012-7818357', 1, '', ''),
(358, 'JAFFAR BIN YAHYA', 1, '570913-01-5149', 55, '181278', 'POS 57 LORONG KENANGAN, JALAN JUNID, 84000 MUAR JOHOR', '012-7818357', 1, '', ''),
(359, 'JAHIDON BIN RAMLAN', 1, '690321-01-6355', 44, '1092151', '1-154 JALAN RAJAWALI 11, TAMAN TANJUNG GADING, 84000 LEDANG JOHOR', '012-7261676', 1, '', ''),
(360, 'JAMRO BIN TUKINON', 1, '600527-01-5583', 53, '1049962', 'NO. 116 JALAN WARISAN 1-1, TAMAN WARISAN SAGIL, LEDANG, JOHOR', '012-3664996', 1, '', ''),
(361, 'JELANI BIN ISHAK', 1, '360331-01-5063', 77, '200179', 'TL 16, KAMPUNG BARU MELAYU, BATU 28, LENGA, 84040 MUAR, JOHOR', '013-6512941', 1, '', ''),
(362, 'KAMAR BIN HASBOLLAH', 1, '470906-01-5871', 66, '17725', '73 JALAN SEJAHTERA 16, TAMAN DESA SEJAHTERA, 81900 KOTA TINGGI, JOHOR', '012-7142183', 1, '', ''),
(363, 'KAMARUDDIN BIN PAIMMAN', 1, '580306-01-5381', 54, '1056329', 'NO. 476 SATRIA 19, TAMAN SEROM UTAMA, SUNGAI MATI, 84400 LEDANG, JOHOR', '017-6031618', 1, '', ''),
(364, 'KETIMIN BIN SIDON', 1, '541201-01-5025', 58, '934147', 'LOT 120 KG TENGAH PAGOH, 84600 PAGOH, MUAR JOHOR', '019-6274871', 1, '', ''),
(365, 'KHABIR BIN SELAMAT', 1, '71112-01-6439', 41, '1082625', 'NO. 3 JALAN KORMA JAYA, TAMAN KORMA JAYA (BY PASS), 84000 MUAR, JOHOR', '019-7327101', 1, '', ''),
(366, 'KHAIRULNIZAM BIN KASSIM', 3, '841105-01-6065', 29, '830390', 'NO. 22 JALAN ZAMRUD 3, TAMAN ZAMRUD PARIT BAKAR, JALAN ABD RAHMAN, 84000 MUAR, JOHOR', '019-6225705', 1, '', ''),
(367, 'LATIMIN BIN KASIRO', 1, '540918-01-5845', 57, '179844', 'LORONG DUA, KG SAWAH RING GERSEK LEDANG, JOHOR', '019-7619765', 1, '', ''),
(368, 'MA?AT BIN APANDI', 1, '570609-01-7019', 56, '1025657', 'NO. 5, LORONG KAMARIAH, KAMPUN GPASIR AWANG DARAT, 83700 YONG PENG, JOHOR', '019-6082383', 1, '', ''),
(369, 'MAHAT BN MASUDI', 1, '640120-01-5537', 49, '6005212', 'NO. 75 TAMAN TANGKAK JAYA 2, 84900 LEDANG, JOHOR', '010-6619904', 1, '', ''),
(370, 'MAIMON BINTI OTHMAN', 1, '600118-01-5048', 53, '173712', '93-45 TAMAN BUNGA TANJUNG, JALAN JUNID MUAR, BANDAR MAHARANI, 84000 JOHOR', '019-6347550', 1, '', ''),
(371, 'MALIALI A/L CHOKALINGAM', 2, '511128-01-5063', 62, '705021', 'NO. 378 JALAN BINTANG EMAS 1, TAMAN BINTANG EMAS, BUKIT PASIR, 84300 MUAR, JOHOR', '012-6327829', 1, '', ''),
(372, 'MD DON BIN OTHMAN', 1, '540815-01-5615', 58, '1056630', 'NO. 2 KAMPUNG TENGAH PAYA, REDAN PAGIH, 84600 MUAR, JOHOR', '017-6450381', 1, '', ''),
(373, 'MD. ESA BIN JAYOS', 1, '520619-01-5273', 61, '651419', '17 JALAN KEMUNBING 2, TAMAN SRI JORAK, 84300 MUAR, JOHOR', '012-6992526', 1, '', ''),
(374, 'MD. HASSAN BIN BASIRAN', 1, '620101-01-6237', 51, '1034643', 'NO. 117B KG PAYA REDAN, PAGOH 84600 MUAR, JOHOR', '013-6227880', 1, '', ''),
(375, 'MD. SHAM BIN JAPAR', 1, '631107-01-5597', 50, '3004428', 'BATU 5 ó SUNGAI TERAP, BUKIT PASIR, 84300 MUAR, JOHOR', '017-6659037', 1, '', ''),
(376, 'MOHAMED BIN MOHD NOH', 1, '510112-01-5857', 62, '930868', 'LORONG BAHAGIA BENTENG LAUT, JALAN JABBAR PARIT JAWA, MUAR JOHOR', 'REFER RP', 1, '', ''),
(377, 'MOHAMED YUSOF BIN MUSA', 2, '640104-05-5643', 49, '714152', 'NO. 32 KG PARIT RAJA DARAT, JALAN TEMENGGONG AHMAD, MUAR 84000, JOHOR', '012-3806468', 1, '', ''),
(378, 'MOHD ABDULLAH BIN MD YUSAK', 3, '601012-01-5597', 52, '809887', 'JBS-37 LOT 2054 PARIT TUNGGUL, 87100 LEDANG, JOHOR', '019-6070729', 1, '', ''),
(379, 'MOHD LAZIM BIN OTHMAN', 1, '520919-01-6091', 61, '502515', 'TL 23 KG SELANCHAR PAGOH, MUAR JOHOR', '013-6022351', 1, '', ''),
(380, 'MOHD NASIR BIN OTHMAN', 1, '580821-01-5693', 54, '1040104', '361 FELDA SRI JAYA BUKIT SERAMPANG, 85210 MUAR, JOHOR', '013-6211414', 1, '', ''),
(381, 'MOHD NOH BIN TAIB', 1, '511202-01-5687', 61, '208628', 'NO. 32 TAMAN SERI TANJUNG, JALAN KESANG TANJUNG AGAS, 84000 MUAR, JOHOR', '013-6228677', 1, '', ''),
(382, 'MOHD NOOR BIN AZILAH', 1, '480603-01-5371', 64, '453110', 'B 227 JALAN PANGLIMA SALLEH, KG KENANGAN TUN DR ISMAIL DUA SUNGAI ABONG, MUAR', '019-2664122', 1, '', ''),
(383, 'MOHD NORI BIN SULAIMAN', 1, '600725-03-5227', 52, '1044557', 'NO. 3A JALAN KLUANG, PARIT IMAM 83000 BATU PAHAT, JOHOR', '019-7091610', 1, '', ''),
(384, 'MOHD RIDZUAN@PAHKECHIK BIN HASHIM', 3, '530414-07-5327', 59, '803839', 'NO. 6 PARIT HAJI KASSAN KM « JALAN JORAK BUKIT PASIR, MUAR, JOHOR', '012-7651490', 1, '', ''),
(385, 'MOHD SELO BIN KARDI', 1, '630225-01-5577', 50, '1053760', 'NO. 48 KAMPUNG SUNGAI BARU, BUKIT GAMBIR, 84800 LEDANG, JOHOR', '017-3476201', 1, '', ''),
(386, 'MOHD SHAH BIN SIDEK', 1, '540924-01-5753', 59, '1045784', 'NO. 35 JALAN MERANTI 1, TAMAN RUMAH AWAM, SEORM 4, 84410 LEDANG, JOHOR', '06-9753453', 1, '', ''),
(387, 'MOHD ZAIROLIKRAM BIN ABD HAMID', 3, '810205-05-5043', 32, '825245', 'KLINIK DESA SIMPANG LIMA, PEKAN 84800 BUKIT GAMBIR, LEDANG, JOHOR', '017-2773081', 1, '', ''),
(388, 'MOHMAD MOSTAFF@MUSTAFA BIN TOKIRIN', 1, '550214-01-5977', 57, '1058273', 'RU 14, KAMPUNG RENCONG, PAGOH, 84600 MUAR, JOHOR', '013-6530427', 1, '', ''),
(389, 'MUKHTAR BIN ATHAN', 1, '610211-01-5463', 51, '1040117', 'NO. 77, KG MELAYU RAYA, SAGIL, 84020 TANGKAK, LEDANG, JOHOR', '019-6727017', 1, '', ''),
(390, 'MUSTAFA@MUSTAFA KAMAR BIN OSMAN', 1, '600518-06-5079', 52, '1045659', '516 KAMPUNG PAYA REDAN, 84600 PAGOH, MUAR', '014-2346238', 1, '', ''),
(391, 'NORSAIFULBAHRI BIN MOHD NOOR', 3, '840310-01-6203', 29, '830225', 'NO. POS 483 JALAN PARIT PAJAR DARAT, BATU 6, KESANG, 84000 LEDANG, JOHOR', '017-6190398', 1, '', ''),
(392, 'OMAR@UMAR BIN ATTAN', 1, '470927-01-5803', 65, '23401', '69-2 BATU 1, TANJONG AGAS, LEDANG JOHOR', '017-6905283', 1, '', ''),
(393, 'PANDI BIN SALIM', 1, '570906-01-5095', 56, '1018237', 'NO. 26 JALAN S/P TAMAN SERI PENGGARAM, 83000 BATU PAHAT, JOHOR', '012-7401646', 1, '', ''),
(394, 'RAJA AZIZ BIN RAJA KHALID', 3, '650319-10-7657', 48, '815079', 'PPD 88 KG PARIT PENYENGAT DARAT, PARIT JAWA, 84150 MUAR, JOHOR', '017-8273771', 1, '', ''),
(395, 'RAJAB BIN MASRI', 1, '490512-01-5017', 64, '930685', 'NO. 3 PARIT IMAM, BATU 4, JALAN KLUANG BATU PAHAT, JOHOR', '012-7945412', 1, '', ''),
(396, 'RAMLI BIN PON', 3, '741201-05-5429', 39, '821209', 'NO. 20 JALAN SATRIA 2B/2, TAMAN SEROM UTAMA, 84410 LEDANG, JOHOR', '016-3015714', 1, '', ''),
(397, 'ROSIATIMAH BINTI WAKIJAN@SMEN', 1, '680708-01-5884', 45, '6015535', 'POS 27 KG SG RANGGAM, PANCHOR, 84500  MUAR, JOHOR', '012-9166243', 1, '', ''),
(398, 'ROSLI BIN AHMAD', 1, '610513-01-5119', 52, '1025932', 'TL 11/12, SEROM 3, PARIT TURUN, JALAN MASJID, SUNGAI MATI, 84410 LEDANG, JOHOR', '017-3945363', 1, '', ''),
(399, 'SABTU BIN YAACOB', 1, '580705-01-5039', 55, '1033442', 'MP 194 JALAN BUKIT BATU 6, BUKIT PASIR, 84300 MUAR, JOHOR', '017-6128775', 1, '', ''),
(400, 'SALAMAT BIN BUKIL', 1, '630917-05-5035', 50, '3003137', 'NO. 9 B, JALAN HJ MOHD ELLAH KG SAGIL PT 2 SAGIL, 84020 LEDANG, JOHOR', '017-2517998', 1, '', ''),
(401, 'SALLEH BIN SANIIN', 1, '560213-01-5333', 57, '1013325', '127 JALAN CENDERAWASIH 8 KG KENANGA TUN DR ISMAIL 5 SELATAN SG ABONG 84000, MUAR JOHOR', '011-14806296', 1, '', ''),
(402, 'SARIPUDDIN BIN SUHAIMIN', 3, '470410-01-5309', 65, '802586', 'NO. 549 JLN PERMATANG PASIR, BUKIT PASIR, 84300 MUAR, JOHOR', '017-6449610', 1, '', ''),
(403, 'SARIPUDDIN BIN SUHAIMIN', 3, '470410-01-5309', 65, '802586', 'NO. 549 JLN PERMATANG PASIR, BUKIT PASIR, 84300 MUAR, JOHOR', '017-6449610', 1, '', ''),
(404, 'SEDIK BIN MERIN', 1, '531127-01-5481', 60, '211961', '24 JALAN SRI MUDA PARIT AMAL DARAT, JALAN DATUK KOSAI, MUAR, JOHOR', '06-9812891', 1, '', ''),
(405, 'SENIN BIN SERMIN', 1, '640906-01-6769', 49, '6008313', 'NO. 7 51 KAMPUNG SUNGAI KELAT LAUT, 83610 MUAR, JOHOR', '012-7151677', 1, '', ''),
(406, 'SETH BIN ABD WAHAB', 1, '581129-01-5835', 54, '1012593', 'LOT 3491 BELAKANG TAMAN HAJJAH TAMAN HAJJAH PARIT BILAL, 83050 BATU PAHAT, JOHOR', '013-7072446', 1, '', ''),
(407, 'SIRAT BIN HAMID', 1, '511023-01-5489', 62, '453073', '516 KAMPUNG PAYA REDAN, 84600 PAGOH, MUAR', '012-2092820', 1, '', ''),
(408, 'SUKOR BIN OTHMAN', 1, '600423-01-5423', 53, '1026951', 'B 13 LORONG BAHAGIAN JALAN JABBAR, BENTENG PARIT JAWA, 84150 MUAR, JOHOR', '017-6821264', 1, '', ''),
(409, 'SURIANI@SHAH RAINI BIN SUHOR', 1, '620521-05-5291', 49, '1062238', '65 KAMPUN RAJA, 84600 PAGOH, JOHOR', '017-6703382', 1, '', ''),
(410, 'YAZID BIN AYUB', 1, '780914-12-5003', 35, '1112043', 'NO. 55 LORONG AMAN, KAMPUNG SARI BARU, 84600 PAGOH, MUAR JOHOR', '019-7090234', 1, '', ''),
(411, 'YUNOS BIN ELIAS', 3, '610420-01-5603', 52, '811421', 'NO. 76 LRG HJ SULAIMAN, KAMPUNG PAYA PULAI, 85000 SEGAMAT, JOHOR', '013-7436628', 1, '', ''),
(412, 'YUNOS BIN ISMAIL', 1, '550329-01-5707', 58, '502918', 'NO. 249 JALAN SAWMILL, BUKIT PASIR, 84300 MUAR, JOHOR', '013-6314955', 1, '', ''),
(413, 'ZAHID BIN HUSIN', 1, '690716-01-6229', 43, '1073631', '262-5, JALAN TREH 2, TAMAN SRI TREH, 84000 MUAR, JOHOR', '012-6600014', 1, '', ''),
(414, 'ZAINAL ABIDIN BIN BASIRON', 1, '600501-01-5753', 53, '1023197', 'JAP 27 KAMPUNG SUNGAI, GEMERSIK SEMERAH, 83610 BATU PAHAT, JOHOR', '019-6219044', 1, '', ''),
(415, 'ZAINAL BIN ABU HASAN', 1, '361224-05-5291', 76, '9598', 'BATU 4 (1/2) LORONG ABU LEKAN KAMPUNG SIMPANG BABA 84000 MUAR JOHOR', '019-6562690', 1, '', ''),
(416, 'ZAINAL BIN NASIR', 1, '591210-01-5073', 53, '1032026', 'PTD 3371 FELDA SRI JAYA, BUKIT SERAMPANG, 85210 LEDANG, JOHOR', '012-7542837', 1, '', ''),
(417, 'ZAINOL ALAM BIN MAHMUD', 2, '550506-07-5795', 58, '704704', 'NO. 33 JALAN ARIZA TAMAN RAINTREE, 68100 BATU CAVES, SELANGOR', '019-3212929', 1, '', ''),
(418, 'ZAINUDDIN BIN JAIS', 0, '651209-01-6011', 48, '814299', 'REFER RP', '013-6828161', 1, '', ''),
(419, 'ZAINUDIN BIN MOHD YUNUS', 1, '720106-05-5479', 41, '1095622', 'NO. 45 JALAN CENDERASARI, TAMAN SUNGAI ABONG MULIA 2, 84000 MUAR, JOHOR', '017-6992592', 1, '', ''),
(420, 'ZAINUDIN BIN MOHD ZIN', 1, '680906-01-6001', 44, '1077149', 'PTD 3381 FELDA SRI JAYA, BUKIT SERAMPANG, 85210 LEDANG JOHOR', '019-97958334', 1, '', ''),
(421, 'ZAKARIA BIN WAHAB', 2, '640723-01-6475', 49, '714239', '109-10 JALAN BAKRI BATU SATU, 84000 MUARA, JOHOR', '012-3203126', 1, '', ''),
(422, 'ZAZALI BIN MAHAT', 3, '620301-01-5685', 50, '811087', 'NO. 50A KAMPUNG JAWA, PANCHOR 84500, MUAR JOHOR', '013-6376349', 1, '', ''),
(423, 'ZULKEFELEY BIN IDRIS', 1, '560328-01-6125', 57, '213925', '27 JALAN LAMA, 84000 MUAR, JOHOR', '013-2049250', 1, '', ''),
(424, 'ZULKIFLI BIN MAMAT', 1, '640102-03-5091', 49, '6001686', 'POS 162 PT BUAH KERAS, BATU 2 « JALAN TEMENGONG AHMAD, 84000 MUAR, JOHOR', '010-2509839', 1, '', ''),
(425, 'AZMAN BIN NOR', 1, '621208-04-5817', 50, '1049920', '12 JALAN BAHAGIA 6 TAMAN DESA DAMAI CHENG 75250 MELAKA', '017-6744089', 4, '', ''),
(426, 'ABD GHANI BIN SAAD', 1, '440318-02-5419', 69, '74934', '580-K LORONG UTAMA 6 AIR KEROH HEIGHTS\n75450 MELAKA\n', '017-4857873', 4, '', ''),
(427, 'ROSDI BIN HASSAN', 1, '490729-12-5213', 63, '119050', 'NO 35 TAMAN SERI MELEKEK 78000 ALOR GAJAH,MELAKA.', '017-3125393', 4, '', ''),
(428, 'RAZALI BIN ISMAIL', 1, '660218-04-5513', 46, '1069925', 'KM 11 JLN HJ ISMAIL KG AIR MOLEK 75460 MELAKA', '012-6217475', 4, '', ''),
(429, 'A. RAZAK BIN JAAFAR', 1, '570218-01-6983', 55, '1025582', 'NO 69 LOT 1213 JALAN SERI KRUBONG 75250 MELAKA', '012-9361000', 4, '', ''),
(430, 'SAFRAN BIN MOHD YUNUS', 1, '710101-06-7113', 42, 'T 1079929', 'SP 495 JLN 7 TAMAN DIMENSI ALPHA 78000 ALOR GAJAH MELAKA.', '012-9418985', 4, '', ''),
(431, 'ROSLAH BINTI MOHD NOR', 3, '621121-10-6234', 50, '5500175', 'C8448 KM8 JALAN PERABOT KAMPUNG KANDANG 75460 MELAKA', '012-3317443', 4, '', ''),
(432, 'CHE HAT BIN AWEE', 1, '670108-02-5991', 46, '1007402', 'INSTITUT TEKNOLOGI UNGGAS KM34 JLN RAMUAN CHING BESAR 78300 MASJID TANAH MELAKA, MELAKA.', '019-6985853', 4, '', ''),
(433, 'MOHD YUNUS BIN MOHAMED', 3, '610325-04-5409', 52, '810654', 'C8448 KM8 JALAN PERABOT KAMPUNG KANDANG 75460 MELAKA', '012-6706261', 4, '', ''),
(434, 'ROSLI BIN OMAR', 1, '620620-04-5355', 51, 'T 1044959', 'KM 1395 PT 1164 TAMAN MELAKA PINDAH 78000 ALOR GAJAH MELAKA', '017-2854958', 4, '', ''),
(435, 'AMRAN BIN ABD RAHMAN', 1, '710525-04-5321', 42, 'A1929099', 'PD 782 JALAN SEBANG GEMILANG G2 TMN SEBANG GEMILANG ALOR GAJAH MELAKA', '014-9837029', 4, '', ''),
(436, 'MASAOD BIN AHMAD', 1, '500913-01-5225', 63, '22519', 'NO 15-0 BLOCK 15 TAMAN PENGHULU JABAR BUKIT KATIL 75459 MELAKA.', '017-6527778', 4, '', ''),
(437, 'OTHMAN BIN MYOOUN', 1, '610812-01-6269', 52, '1028673', 'NO 11 JLN SRI DUYONG SEK 1 TAMAN SRI DUYONG 1/8 75460 DUYONG MELAKA', '019-6320261', 4, '', ''),
(438, 'OMAR BIN ABU', 1, '480629-04-5173', 65, '20053', 'JA 2524 KG KILANG BERAPI 77300 MERLIMAU MELAKA', '019-6533011', 4, '', ''),
(439, 'RUSLAN BIN AHMAD', 3, '740302-02-6403', 39, 'T 822055', 'NO 518 TMN KUALA PERMAI JLN UTAMA KAMPUNG TENGAH KUALA SUNGAI BARU 78200 MASJID TANAH MELAKA', '012-8249361', 4, '', ''),
(440, 'ROSLAN  BIN SULAIMAN', 3, '820102-06-6283', 31, '827256', 'KM 4259 LORONG 10 TAMAN SAMARINDA 78000 ALOR GAJAH MELAKA', '012-9572971', 4, '', ''),
(441, 'DZAHARY BIN IDRIS', 1, '601206-04-5049', 52, '1023223', 'NO 11 JALAN CHENG LAMA TAMAN CHENG PERMAI', '016-6700027', 4, '', ''),
(442, 'RAMLEE BIN JAAFAR', 1, '680118-71-5047', 45, '1085338', 'LORONG 59 NO 25 TAMAN SRI TOLOK EMAS KM 10 JALAN RAJA HAJI TELOK MAS 75460 MELAKA', '011-2805859', 4, '', ''),
(443, 'ARSAD BIN BUANG', 1, '590313-01-5127', 52, 'T1023293', 'BLOCK B NO 9-2 RUMAH PANGSA LEREH BTG TG KLIG MELAKA', '012-6214199', 4, '', ''),
(444, 'IBRAHIM BIN ABD GHANI', 1, '570319-01-6325', 55, '1041754', 'J 7609 RUMAH AWAM SEMPANG KERAYONG 77000 JASIN MELAKA', '017-8715503', 4, '', ''),
(445, 'SULAIMAN BIN HASAN', 1, '650415-08-6905', 47, 'T 1067905', '4231-C-PAYA IKAN BUKIT BARU 75150 MELAKA', '012-9234145', 4, '', ''),
(446, 'SABRI BIN AHMADDIN', 1, '651124-02-5533', 47, 'I 1066036', '653-1 LORONG HARUAN JALAN PAYA IKAN BUKIT BARU MELAKA', '013-2382051', 4, '', ''),
(447, 'ABU SAMAH BIN LAJIS', 1, '580504-04-5311', 54, 'T 162617', 'KM 10 KAMPONG PADANG BUKIT LINTANG 75400,MELAKA', '017-8795761', 4, '', ''),
(448, 'ABU BAKAR BIN MOHAMAD', 1, '480929-04-5255', 65, '19386', '29 JALAN RU 10 TAMAN UTAMA 75250 BUKIT RAMBAI MELAKA', '013-3440141', 4, '', ''),
(449, 'ARIS BIN MAT MISRAN', 1, '560729-04-5293', 56, 'T 1019060', 'NO 839-2 KAMPUNG BUKIT PULAU BUKIT BARU MELAKA', '011-14805604', 4, '', ''),
(450, 'AZIZAH BIN ADAM', 2, '580604-01-5339', 55, '370967', 'NO 2532 KG SURAU BATU KM13, PAYA DALAM 75460 MELAKA', '019-6211358', 4, '', ''),
(451, 'ROSMAN BIN ISMAIL', 1, '631109-08-6487', 50, '530935', 'NO 4 LORONG 1/1 TAMAN DESA MOLEK SEK 1 AYER MOLEK 75460 MELAKA', '012-6060800', 4, '', ''),
(452, 'FAIMAN BIN ISMAIL', 1, '600904-01-5053', 53, '1034736', 'J4835 JLN SELANGAT TAMAN MERLIMAU BARU 77300 MERLIMAU MELAKA', '013-6534085', 4, '', ''),
(453, 'MOHAMMAD YUSOF BIN MOHAMMAD YASIN', 1, '550315-04-5251', 57, '932760', 'BATU 11 « PAYA RUMPUT JAYA SUNGAI UDANG  76300 MELAKA', '017-3192142', 4, '', ''),
(454, 'IDRIS BIN MOHD NOR', 3, '600721-04-5145', 53, '811013', 'NO 6 JALAN SERI EMAS 26 TAMAN SERI TELOK MAS 75460 MELAKA', '012-6588518', 4, '', ''),
(455, 'SABDA BIN MD JAIS', 1, '490213-04-5099', 64, '19310', 'BATU 12 ó KG PARIT MELANA DURIAN TUNGGAL 76100 MELAKA', '019-9929105', 4, '', ''),
(456, 'SALLEH BIN AHMAD', 3, '600727-04-5197', 53, '808510', 'NO 1 TM 15 TAMAN TANJONG MINYAK 75250 MELAKA', '017-2964668', 4, '', ''),
(457, 'A. KADIR BIN ISMAIL', 2, '570110-71-5141', 56, 'T 708849', 'C 7614 RUMAH AWAM PANTAI PERINGGIT 75400 MELAKA', '017-6548434', 4, '', ''),
(458, 'MAD JALI BIN IDROS', 3, '570205-04-5099', 55, '807784', 'NURIESAH CHALET BT 31 JALAN MERIAM PATAH 78200 KUALA LINGGI MELAKA', '019-6657257', 4, '', ''),
(459, 'ARSHAD BIN ABD GHANI', 3, '530611-08-5735', 59, '503003', 'NO 426-1 KM 11 AIR MOLEK 75460 MELAKA', '012-6076775', 4, '', ''),
(460, 'MOHD REMELI BIN ABDULLAH', 1, '530322-04-5569', 59, '211279', 'BIO-2 BLOCK B RUMAH PANGSA LEREH KG PINANG BATANG TIGA TG KLING 76400 MELAKA', '016-6960840', 4, '', ''),
(461, 'RAHMAT BIN YUSOF', 3, '580614-04-5283', 54, '807135', 'KM 16 KAMPUNG PULAI 77300 MERLIMAU,MELAKA', '013-4807135', 4, '', ''),
(462, 'BACHAN KAUR A/P PANTA SINGH', 1, '560223-03-5028', 57, 'T 149591', 'NO 11 A JALAN TAMAN POKOK MANGGA 1 TAMAN POKOK MANGGA 75250 MELAKA', '012-6451315', 4, '', ''),
(463, 'ZAINAL BIN SAPIE', 1, '480123-04-5387', 65, '930170', 'KM 12 SOLOK JENUANG AIR MOLEK 75460 MELAKA', '017-3617424', 4, '', ''),
(464, 'SALEHUDIN BIN ABDUL GHANI', 1, '630730-71-5363', 49, '1064118', 'KM 10 JALAN BALAI RAYA TOLOK MAS 75460 MELAKA', '017-6138711', 4, '', ''),
(465, 'HUSSIN BIN HARUN', 1, '510101-05-5191', 62, '25247', 'KM 10 KG SOLOK GAUNG LORONG BENTEG MASJID JLN AYER MOLEK 75460, MELAKA', '017-6196322', 4, '', ''),
(466, 'MD NORDIN BIN SEH', 1, '571010-06-5553', 56, 'T 1026750', 'Mt 1059 JALAN 18 TAMAN SRI AMAN 78300 MASJID TANAH MELAKA.', '019-6216224', 4, '', ''),
(467, 'OTHMAN BIN ABU BAKAR', 1, '541025-04-5355', 58, '211636', 'NO 787-2 BATU 4 ó  KAMPONG ALAI,75460 MELAKA.', '019-6882004', 4, '', ''),
(468, 'T. AZMANIAH BINTI T.RAZAMAN', 1, '560514-06-5000', 56, '148857', 'NO 7 JALAN POKOK MANGGA 3 TAMAN POKOK MANGGA 75250 MELAKA', '012-6883115', 4, '', ''),
(469, 'RAMLEE BIN EKSAN', 1, '511201-01-5909', 61, '453353', 'NO 55 JALAN BR 3 TAMAN BUKIT RAMBAI,75250 MELAKA', '019-3002184', 4, '', ''),
(470, 'MAN BIN MISLAN', 1, '670630-08-6471', 46, '1080661', 'BUKIT RAMPAI,MELAKA', '016-2542001', 4, '', ''),
(471, 'AB MUTALIB BIN MD ALI', 1, '590530-04-5277', 53, '1016448', 'KM 11,TANJUNG MINYAK 75250 MELAKA', '010-2355425', 4, '', ''),
(472, 'KAMARUDDIN BIN HUSSIN', 1, '560317-05-5049', 56, '455288', 'KM 20 KAMPONG SUNGAI PETAI D/A SAPIAH ALI 78000 ALOR GAJAH MELAKA', '017-3581849', 4, '', ''),
(473, 'ABU BAKAR BIN JAAMAT', 1, '530823-04-5241', 60, '303007', '1290-3 BATU 5 ¬ KAMPUNG  BAHAGIA BTG TIGA 76400 JALAN TG KELING MELAKA', '019-3296181', 4, '', ''),
(474, 'MOHD HASHIM BIN MOHD ZAIN', 2, '481212-06-5237', 64, '703393', 'NO 29 JALAN AYER MOLEK JAYA TAMAN AYER MOLEK JAYA 75460 MELAKA', '019-6800831', 4, '', ''),
(475, 'AHMAD BIN ALI', 1, '600922-05-5411', 53, 'T 1019680', 'J 6829 JALAN KJ UTAMA 1 TAMAN KESANG JAYA 77000 JASIN MELAKA', '017-6693949', 4, '', ''),
(476, 'RAMLI BIN AB JALIL', 1, '560912-04-5267', 56, 'T 1016603', '495 KAMPUNG  TANAH MERAH JAYA 76400 TANJUNG KLING MELAKA', '06-2688424', 4, '', ''),
(477, 'IDRIS BIN AHAD', 1, '580827-04-5009', 53, '1016509', 'KM 8 JALAN SERI AMAN LORONG SENTOSA EMPAT KAMPONG ALAI MELAKA', '017-3793474', 4, '', ''),
(478, 'ZALANI BIN PUTEH', 1, '740619-06-5849', 39, 'T 535922', 'BATU 5 ¬ KAMPONG KANDANG 75460 MELAKA', '010-6615590', 4, '', ''),
(479, 'JAAFAR BIN MD NOOR', 3, '630809-04-5729', 49, '809156', 'G-01 KOMPLEKS AL-IHSAN JLN KENANGA 3/8, TAMAN KENANGA SEK 3, 75200 MELAKA.', '011-2806365', 4, '', ''),
(480, 'MOHD YUSOF BIN HUSSIN', 3, '570927-04-5545', 55, '1031251', 'NO 9195,LORONG 1 JALAN MOHD AMIN BT 7 « KG GANGSA  76100 DURIAN TUNGGAL MELAKA', '013-6073303', 4, '', ''),
(481, 'THIAGU A/L MUNIANDY', 2, '690105-35-5029', 44, 'T 715374', '7928 RUMAH AWAM SUNGAI SIPUT LUBOR CHINA ALOR GAJAH MELAKA', '016-3965169', 4, '', ''),
(482, 'NORZILAH BINTI ABU SAMAH', 2, '620121-04-5166', 51, '5500076', '678 JALAN SEMARAK 13 TAMAN PANCOR JAYA 70400 SEREMBAN NEGERI SEMBILAN', '013-6201162', 4, '', ''),
(483, 'ISMAIL BIN SIRON', 1, '520414-04-5399', 60, '251700', 'NO 39 KG PARIT MELANA DURIAN TUNGGAL MELAKA', '06-3847840', 4, '', ''),
(484, 'MOHD RIZAL BIN ABDULLAH', 1, '640113-13-5637', 48, '1056854', 'BATU 19 ¬ KAMPONG PAYA RUMPUT MASJID TANAH 78300 MELAKA', '016-3477094', 4, '', ''),
(485, 'MOHD BIN LAZAN', 1, '530623-04-5415', 59, '211513', 'NO 33 JALAN TEMBUSU TAMAN MERDEKA BATU BRENDA M MELAKA', '017-3796457', 4, '', ''),
(486, 'MOHD DERI BIN HUSAIN', 1, '520426-04-5273', 61, '210482', 'KM 25 SG RENGI JALAN MUAR 77300 MERLIMAU MELAKA', '012-9635580', 4, '', ''),
(487, 'JAHARI BIN ALI', 1, '550729-01-5079', 58, 'T 159365', 'KM 24, JALAN MUAR SG RENGI 77300 MERLIMAU MELAKA', '013-2065079', 4, '', ''),
(488, 'DARWIS BIN MOHAMED', 1, '610212-05-5483', 52, '3001852', 'NO 72 BATU 21 KAMPONG AIR HITAM DARAT MASJID TANAH MELAKA', '019-2090828', 4, '', ''),
(489, 'SOHTAR BIN OTHMAN', 2, '480123-04-5213', 65, '701808', 'BT 18 TERATAK IMPIAN JALAN AIR PAABAS 78000 ALOR GAJAH MELAKA', '012-6786566', 4, '', ''),
(490, 'MUSA BIN JAMAK', 1, '550115-04-5003', 58, '31492', 'BT 23 TANJONG BIDARA,MASJID  TANAH, 78300 MELAKA', '012-2331273', 4, '', ''),
(491, 'ABD KADAR BIN MAT NOR', 1, '601105-02-5399', 53, '1039496', 'NO 2194-4 KAMPONG GELAM TANJONG KLING 76400 MELAKA', '010-7778124', 4, '', ''),
(492, 'AHMAD TARMIZI BIN ABDULLAH', 1, '590103-02-5095', 54, '1041553', 'NO 12-1 JALAN KERABAT  4,BANDAR BARU SUNGAI UDANG MELAKA', '017-3480090', 4, '', ''),
(493, 'MUSA BIN ABD KADIR', 1, '690409-01-6245', 44, '1083646', 'BATU 5 ¬ SOLOK BAKAR BATU KAMPUNG KANDANG 75460 MELAKA.', '013-6814647', 4, '', ''),
(494, 'ROSLAN BIN MAHAT', 1, '720219-04-5357', 40, 'T 535331', 'JB 75 JALAN DEBUNGA 11 TAMAN DEBUNGA MERLIMAU 77300 MERLIMAU MELAKA', '017-6067293', 4, '', ''),
(495, 'SALIM BIN ZAINAL', 1, '660622-08-6405', 47, 'T 533210', 'M32-5 JLN MJ 25 TMN MERDEKA JAYA BT BRENDAM MELAKA', '017-6067293', 4, '', ''),
(496, 'ABDUL MUTHALIB BIN A RASHID', 1, '660820-04-5399', 46, 'T 532687', 'MT1133 TAMAN SRI AMAN 78300 MASJID TANAH MELAKA', '012-3678044', 4, '', ''),
(497, 'ZAINAL ABIDIN BIN MIHAT', 1, '640528-04-5713', 49, '1062966', 'BATU 15 1/2 KAMPUNG JELATANG 78000 ALOR GAJAH MELAKA', '012-2708125', 4, '', ''),
(498, 'RAHIM BIN ISMAIL', 3, '540107-04-5047', 58, '805085', 'PT 3070 JLN SEKOLAH KG BUKIT BANGKONG 43950 SUNGKAI PELEK, SELANGOR', '012-3146436', 4, '', ''),
(499, 'KAMARUDIN BIN SANUSI', 1, '510802-08-5019', 62, '501521', 'NO 17 JLN 502/32  TAMAN SEKSYEN 2 75460 DUYONG MELAKA', '019-3882457', 4, '', ''),
(500, 'RASDI BIN ISMAIL', 1, '560605-04-5339', 56, '213484', 'BATU 7 « KG GANGSA 76100 DURIAN TUNGGAL MELAKA', '010-5153683', 4, '', ''),
(501, 'SA?DON BIN MOHD NORDIN', 1, '560403-01-5609', 58, '1045742', 'BATU 10 112 PADANG KERBAU, DURIAN TUNGGAL, 76100 MELAKA', '012-6341334', 4, '', ''),
(502, 'ABD TALIB BIN IBRAHIM', 1, '590818-02-5291', 54, '1057053', 'NO 320 LORONG KANAN 3, TAMAN JUJUR 70400 SEREMBAN, N.SEMBILAN', '012-6063677', 4, '', ''),
(503, 'MOHD SHUHAIMI BIN MD ALI', 1, '590314-04-5301', 54, '1016546', 'LOT 39 JLN UJUNG TANJUNG, PAYA RUMPUT JAYA TG BATU, 76400 MELAKA', '017-6314502', 4, '', ''),
(504, 'ROPIHI BIN HJ MINGAN', 1, '601018-01-5037', 53, '1019636', 'NO 83 JLN AP 7, TAMAN PERDANA, 75460 MELAKA', '014-2617926', 4, '', ''),
(505, 'ABDUL RAHAMAN BIN AHMAD', 1, '650607-02-6181', 48, '1066706', 'MT 2587, JALAN 8, TAMAN BANDAR BARU, 78300 MASJID TANAH, MELAKA', '013-6979072', 4, '', ''),
(506, 'IBRAHIM BIN TALIB', 1, '590430-08-6705', 54, '1018941', 'LOT 322 JLN SOLOK HILIR KAMPONG MELAKA PINDAH 78000 ALOR GAJAH MELAKA', '017-2090924', 4, '', ''),
(507, 'HASRUL AZIZI BIN HASSAN', 3, '771103-04-5507', 36, 'T807152', 'JB 4116 TAMAN KELUBI DAMAI 77000 JASIN MELAKA', '012-3522740', 4, '', ''),
(508, 'MD SAP BIN SAID', 1, '580601-04-5081', 54, '3000639', 'MT 2770 LORONG 1, TAMAN BANDAR BARU MASJID TANAH, 78300 MELAKA', '017-6967321', 4, '', ''),
(509, 'AB GHAFAR BIN DAHALAN', 1, '560918-04-5161', 56, '32173', 'NO 31 JALAN BERTAM JAYA 1, TAMA BERTAM JAYA 76450 MELAKA', '013-6131156', 4, '', ''),
(510, 'ANUAR BIN MOHAMED DOM', 1, '691203-01-5057', 43, '6028877', 'NO 10 SW 1 TAMAN SUTERA WANGI 75300 BATU BERENDAM MELAKA', '012-6467516', 4, '', ''),
(511, 'IBRAHIM BIN MD JONED', 1, '531206-04-5099', 60, '212767', 'NO 1 BLOK 2FELDA BUKIT RAKAN BARAT 73200 GEMENCHEH N SEMBILAN', '013-6904640', 4, '', ''),
(512, 'SAMA BIN OSMAN', 1, '490601-01-5983', 64, '209990', 'BATU 71/2 BUKIT RAMBAI, 75250 MELAKA', '013-6498747', 4, '', ''),
(513, 'ARRAZIB BIN AGIL', 3, '620831-01-5471', 51, '811277', 'NO. 564 PULAI VILLA JALAN PULAI IMPIAN 13, 70300 SEREMBAN N SEMBILAN', '013-5100776', 4, '', ''),
(514, 'SAMDIN BIN TAMBI', 1, '600824-04-5383', 52, '1055096', 'KM 13 BUKIT TEMBAKAN UMBAI 77300 MELAKA', '012-9333670', 4, '', ''),
(515, 'JAAFAR BIN SAMAT', 1, '570511-05-5965', 56, 'T1016522', 'NO 4877 JALAN SEMABOK SEMABOK 75050 MELAKA', '017-6140818', 4, '', ''),
(516, 'ZAINAL ABIDIN BIN MIHAT', 1, '640528-04-5713', 49, '1062966', 'BATU 15 « KAMPUNG JELATANG 78000 ALOR GAJAH MELAKA', '012-2708125', 4, '', ''),
(517, 'ROSLAN BIN OTHMAN ', 1, '630312-05-5243', 50, '1044381', 'BATU 15 1/2 KAMPUNG JELATANG, ALOR GAJAH, MELAKA', '010-3358095', 4, '', ''),
(518, 'MOHD MAZLAN BIN MOHAMED  TAHIR', 1, '691204-01-5171', 44, '1078734', 'NO. 200 LORONG DESA KHIRA 1/5, TAMAN DESA KIARA, 70400 SEREMBAN N SEMBILAN', '017-2359293', 4, '', ''),
(519, 'ZAINAL BIN MD ALI', 1, '511018-04-5229', 62, '930908', 'BATU 24 KG PAYA LEBAR, RAMUAN CHINA BESAR, 78300 MASJID TANAH MELAKA', '017-6735229', 4, '', ''),
(520, 'WAHAB BIN ABDUL RASHID', 2, '710706-02-5143', 40, '718432', 'NO 191 TMN PULAI IMPIAN JLN PULAI IMPIAN 4 70400 SEREMBAN N SEMBILAN', '013-3744730', 4, '', ''),
(521, 'NORHIDAH BINTI MD HASAN', 2, '580425-08-6596', 55, '5800169', 'NO 27 JLN ROS MERAH 3 TAMAN KOBENA SENAWANG 70450 SEREMBAN, N SEMBILAN', '017-3435615', 4, '', ''),
(522, 'KAMARAZAMAN BIN SULAIMAN', 2, '621007-05-5437', 50, 'T 713228', 'NO. 27 JALAN ROS MERAH 3, TAMAN KOBENA, SENAWANG, NEGERI SEMBILAN', '012-9254736', 4, '', ''),
(523, 'AMIRUDDIN BIN ABD KADIR', 1, '721207-01-5067', 41, '1090173', 'JB 1712 JLN NBI TMN NYALAS BARU 77100 ASAHAN MELAKA', '014-7266516', 4, '', ''),
(524, 'AIRUL NIZAM BIN ABDUL KADIR', 3, '800523-04-5191', 33, 'T826092', 'NO 13 FELDA BUKIT SENGGEH ASAHAN 77100 JASIN MELAKA', '014-2636306', 4, '', ''),
(525, 'JIZAN BIN JASEH', 1, '590708-04-5347', 54, '160514', 'J-6445 RUMAH AWAM NYALAS 77100 ASAHAN MELAKA', '019-6832010', 4, '', ''),
(526, 'KARIM BIN GHANI', 1, '590128-04-5105', 54, 'T1026513', 'JB 3665 JLN UTAMA TAMAN NYALAS PERMAI 77100 ASAHAN MELAK', '017-6244660', 4, '', ''),
(527, 'RIDZUAN BIN OTHMAN', 1, '630427-71-5029', 50, '62244', 'NO 36 JLN MELAWI 3 TAMAN MELAWIS BUKIT BERUANG 75450 MELAKA', '019-6661077', 4, '', ''),
(528, 'IDRUS BIN IBRAHIM', 1, '610920-05-5417', 51, '1026990', 'KG PEDAS BATU 4, MERBAU 9, 71400 PEDAS N.SEMBILAN', '019-6482416', 4, '', ''),
(529, 'ABDUL RAHMAN BIN KECHOT', 1, '601005-05-5021', 53, '1023209', 'NO 4 LORONG 2, TMN MUTIARA, POKOK MANGGA, 75250 MELAKA', '016-6311467', 4, '', ''),
(530, 'ABDUL AZIZ BIN IBRAHIM', 1, '661224-08-5495', 46, 'T10770709', 'NO 19 KG BATU 2 PEDAS TENGAH 71400 PEDAS N SEMBILAN', '012-6061384', 4, '', ''),
(531, 'ZUKRI BIN OSMAN', 1, '681208-03-5103', 44, 'T1082482', 'NO. 298 JALAN 5, TAMAN WIDURI INDAH SENAWANG, NEGERI SEMBILAN', '017-3555400', 4, '', ''),
(532, 'ZAIDI BIN TAWIL', 3, '721007-04-5659', 41, '7818131', 'BATU 8 1/2 PANTAI ROMBANG, TANJONG KELING, 76400 MELAKA', '012-9065795', 4, '', ''),
(533, 'MOHAMAD KHAIR BIN MOHAMED IBRAHIM', 1, '621010-38-5007', 51, 'T1044365', '724 JLN SEMARAK 13 TMN PANCHOR JAYA 70400 SEREMBAN N SEMBILAN', '017-2417674', 4, '', ''),
(534, 'NOORAZMAN BIN YUB AHMAD', 3, '600506-08-5283', 53, '808205', 'NO. 2 BATU 43 JALAN KENANGAN, KAMPUNG SERTING ULU, 72300 SIMPANG PERTANG NEGERI SEMBILAN', '019-3937687', 4, '', ''),
(535, 'ISA BIN HAJI KASIM', 3, '590828-04-5595', 54, 'T 808280', 'NO 1029 BATU 18 ó KAMPUNG PAYA RUMPUT 78300 MASJID TANAH MELAKA', '013-6317892', 4, '', ''),
(536, 'MOHAMAD SAID BIN ISMAIL', 1, '460512-02-5015', 66, '18066', 'BATU 7 KAMPUNG TENGAH, 75260 BUKIT RAMBAI MELAKA', '017-6181762', 4, '', ''),
(537, 'MOHD RUSLI BIN ABDUL MANAF', 1, '660714-05-5139', 46, '1080377', 'NO. 14 JALAN SERI EMAS 26, TAMAN SERI TELOK EMAS, 75460 MELAKA', '017-6390657', 4, '', ''),
(538, 'AHMAD BIN SULAIMAN', 1, '490418-05-5469', 64, '20259', 'KG TANJONG SENA ULU 71300 REMBAU N SEMBILAN', '013-2207877', 4, '', ''),
(539, 'RAMLI BIN HAMID', 1, '610307-10-5631', 52, '1027918', 'NO. 16 JALAN 4, TAMAN SEMPAKA, SENAWANG, 70450 SEREMBAN, N. SEMBILAN', '012-9200876', 4, '', ''),
(540, 'KUMARAVEL A/L SAMYKANNU', 1, '461124-04-5043', 66, '100915', 'KM 4400 SAMARINDA 7 TAMAN SAMARINDA PENGKALAN ALOR GAJAH 78000 MELAKA', '012-3214599', 4, '', ''),
(541, 'KADIR BIN AHMAD', 1, '601221-04-5127', 53, '1029544', 'NO 4030 BT 2212 KAMPONG PULAU SEBANG 78000 ALOR GAJAH MELAKA', '012-6431292', 4, '', ''),
(542, 'MUSTAFFAR KAMAL BIN ALI', 3, '560510-05-5059', 57, '806809', 'NO 25 LORONG 7/2 TAMAN DESA RHU SIKAMAT 70400 SEREMBAN N SEMBILAN', '012-3367858', 4, '', ''),
(543, 'R. ISMAIL BIN SAHRI', 3, '630707-01-6003', 49, '812567', 'NO 86 JLN DURANTA 3 TMN DESA DURANTA 70450 SEREMBAN', '019-6622988', 4, '', ''),
(544, 'SAARI BIN SAAD', 1, '56042008-5115', 56, '1011847', 'NO 570 JALAN BERINGIN, TMN SENAWANG JAYA 70450 SEREMBAN N SEMBILAN', '013-6203017', 4, '', ''),
(545, 'MOHD ALI BIN MOHD ISA', 2, '580312-04-5173', 55, '709004', 'NO 304 BATU 21 « KG PULAU SEBANG 78000 ALOR GAJAH MELAKA', '019-7709001', 4, '', ''),
(546, 'KUSADI BIN AMAN', 1, '631023-04-5975', 49, '1062425', 'BATU 10 PANTAI KUNDUR TANGGA BATU 76400 TANJONG KLING MELAKA', '012-6663910', 4, '', ''),
(547, 'JOHARI BIN MOHAMAD', 1, '550412-01-5003', 57, '1011482', 'NO 6 KG RAJA PAGOH 84600 MUAR JOHOR', '017-6072793', 4, '', ''),
(548, 'MOHD ZAKEE BIN MAJID', 1, '701029-04-5491', 43, '1081053', 'LOT 3626 KG ULU LADANG 73400 GEMAS N.SEMBILAN', '013-3951256', 4, '', ''),
(549, 'ABU BIN ALI', 1, '551123-04-5323', 58, '303634', 'NO 1 KG BAKAR BATU, TAMAN SUTERA, PERLING 81200 JOHOR BAHRU', '013-7333732', 4, '', ''),
(550, 'RAMLY BIN ABD RASHID', 1, '570915-04-5085', 56, '151061', 'LORONG 15 KG SRI TANJUNG 78300 MASJID TANAH MELAKA', '011-1925514', 4, '', ''),
(551, 'ZAKARIA BIN KARDI', 1, '600919-01-6403', 52, '1025572', '3738 JALAN SJ 2/1-C TAMAN SEREMBAN JAYA 70450 SEREMBAN NEGERI SEMBILAN', '012-6321014', 4, '', ''),
(552, 'THIAGU A/L MUNIANDY', 2, '690105-35-5029', 44, 'T 715374', '678 JALAN SEMARAK 13 TAMAN PANCOR JAYA 70400 SEREMBAN NEGERI SEMBILAN', '016-3965169', 4, '', ''),
(553, 'ZUKRI BIN OSMAN', 1, '681208-03-5103', 44, 'T1082482', 'NO. 298 JALAN 5, TAMAN WIDURI INDAH SENAWANG, NEGERI SEMBILAN', '017-3555400', 4, '', '');

-- --------------------------------------------------------

--
-- Table structure for table `business_person_backup`
--

CREATE TABLE IF NOT EXISTS `business_person_backup` (
  `business_id` int(11) NOT NULL AUTO_INCREMENT,
  `name` varchar(256) NOT NULL,
  `category` int(11) NOT NULL,
  `ic_no` varchar(256) NOT NULL,
  `age` int(3) NOT NULL,
  `army_no` varchar(256) NOT NULL,
  `address` mediumtext NOT NULL,
  `telp_no` varchar(30) NOT NULL,
  `state_id` int(11) NOT NULL,
  `geo_location` varchar(256) NOT NULL,
  `business_logo` mediumtext NOT NULL,
  PRIMARY KEY (`business_id`)
) ENGINE=InnoDB  DEFAULT CHARSET=latin1 AUTO_INCREMENT=11 ;

--
-- Dumping data for table `business_person_backup`
--

INSERT INTO `business_person_backup` (`business_id`, `name`, `category`, `ic_no`, `age`, `army_no`, `address`, `telp_no`, `state_id`, `geo_location`, `business_logo`) VALUES
(1, 'AB RAHMAN BIN AHMAD', 1, '560502-02-5589', 57, '530243', 'NO. 33, JALAN MUHIBAH 25/7, SEKSYEN 25 TAMAN SRI MUDA, 40400 SHAH ALAM, SELANGOR', '017-26311907', 10, '-', '1_companies5.png'),
(2, 'ABD ALI BIN MUSTAFFA', 1, '621218-02-5131', 51, '1052152', 'NO 11 JALAN ANGGERIK, PRIMA BERUNTUNG, 48300 RAWANG, SELANGOR', '019-5278727', 10, '', ''),
(3, 'ABDUL AZIZ BIN MOHD ALI', 1, '741109-05-5071', 38, '1097090', 'NO. 31 JALAN SIRAMBAI 4 TAMAN SIRAMBAI, 45000 KUALA SELANGOR, SELANGOR', '019-6005674', 10, '', ''),
(4, 'ABDUL HARIS BIN HUSAIN', 1, '591115-10-6057', 53, '3001321', 'NO. 18 JALAN 11/23B DANAU KOTA, SETAPAK, SELANGOR', '', 10, '', ''),
(5, 'ABDUL JALIL BIN AHMAD', 2, '330522-04-5073', 80, '1087', 'LOT 42 JALAN HUTAN LIPUR BUKIT LAGONG, JALAN BUKIT IDAMAN, 68100 BATU CAVES, SELANGOR', '013-2966251', 10, '', ''),
(6, 'MOHD ZAMRI BIN RIJAN', 1, '550915-08-6161', 57, '139323', 'NO 28,LORONG 23 TMN GUAR PERAHU, 14400 BUKIT MERTAJAM, P.PINANG\r\n', '012-5756042', 9, '', ''),
(7, 'V. RAJENDRAN A/L VEERASAMY', 1, '580630-07-5255', 55, '1028116', '47 LRG SENTUL 13, TMN SENTUL JAYA, 14100 BUKIT MERTAJAM,P.PINANG\r\n', '016-4159490', 9, '', ''),
(8, 'ALIAS BIN MAT DESA', 2, '610723-08-6425', 51, '711231', '12 LORONG GUAR PERAHU 39, TAMAN GUAR PERAHU, 14000 B.MERTAJAM ,P.PINANG\r\n', '019-6998166', 9, '', ''),
(9, 'JAAFAR BIN SAAD', 2, '531010-02-5221', 59, '705256', 'NO. 6125 ALOR MERAH, SUNGAI DUA, 13800 BUTTERWORTH P.PINANG\r\n', '019-4977175', 9, '', ''),
(10, 'ZAMRI BIN AHMAD', 1, '660623-07-5089', 47, 'T3005606', 'NO. 89 LORONG KTC 2/4, TAMAN KTC FASA 2, 09000 KULIM, KEDAH\r\n', '017-4396071', 9, '', '');

-- --------------------------------------------------------

--
-- Table structure for table `ci_sessions`
--

CREATE TABLE IF NOT EXISTS `ci_sessions` (
  `session_id` varchar(40) COLLATE utf8_unicode_ci NOT NULL DEFAULT '0',
  `ip_address` varchar(46) COLLATE utf8_unicode_ci NOT NULL DEFAULT '0',
  `user_agent` varchar(120) COLLATE utf8_unicode_ci NOT NULL,
  `last_activity` int(10) unsigned NOT NULL DEFAULT '0',
  `user_data` text COLLATE utf8_unicode_ci NOT NULL,
  PRIMARY KEY (`session_id`),
  KEY `last_activity_idx` (`last_activity`)
) ENGINE=InnoDB DEFAULT CHARSET=utf8 COLLATE=utf8_unicode_ci;

--
-- Dumping data for table `ci_sessions`
--

INSERT INTO `ci_sessions` (`session_id`, `ip_address`, `user_agent`, `last_activity`, `user_data`) VALUES
('0eb38cacfb19906667ecd509a47bc7fe', '0.0.0.0', 'Mozilla/5.0 (Windows NT 6.1) AppleWebKit/537.22 (KHTML, like Gecko) Chrome/25.0.1364.97 Safari/537.22', 1361871973, 'a:1:{s:15:"perniagaan_user";a:7:{s:7:"user_id";s:1:"1";s:7:"role_id";s:1:"2";s:11:"business_id";s:1:"1";s:5:"email";s:15:"zamri@gmail.com";s:8:"password";s:32:"ae2b1fca515949e5d54fb22b8ed95575";s:17:"activation_status";s:1:"1";s:13:"business_logo";s:16:"1_companies5.png";}}'),
('77bf3781eebce70d852ae4901cec8d60', '0.0.0.0', 'Mozilla/5.0 (Windows NT 6.1; rv:19.0) Gecko/20100101 Firefox/19.0', 1361866803, 'a:1:{s:15:"perniagaan_user";a:6:{s:7:"user_id";s:1:"1";s:7:"role_id";s:1:"2";s:11:"business_id";s:1:"1";s:5:"email";s:15:"zamri@gmail.com";s:8:"password";s:32:"ae2b1fca515949e5d54fb22b8ed95575";s:17:"activation_status";s:1:"1";}}');

-- --------------------------------------------------------

--
-- Table structure for table `state`
--

CREATE TABLE IF NOT EXISTS `state` (
  `state_id` int(11) NOT NULL AUTO_INCREMENT,
  `name` varchar(256) NOT NULL,
  PRIMARY KEY (`state_id`),
  KEY `name` (`name`(255))
) ENGINE=InnoDB  DEFAULT CHARSET=utf8 AUTO_INCREMENT=17 ;

--
-- Dumping data for table `state`
--

INSERT INTO `state` (`state_id`, `name`) VALUES
(1, 'Johor'),
(2, 'Kedah'),
(3, 'Kelantan'),
(4, 'Melaka'),
(5, 'Negeri Sembilan'),
(6, 'Pahang'),
(7, 'Perak'),
(8, 'Perlis'),
(9, 'Pulau Pinang'),
(10, 'Selangor'),
(11, 'Terengganu'),
(12, 'Sabah'),
(13, 'Serawak'),
(14, 'Wilayah Persekutuan Kuala Lumpur'),
(15, 'Wilayah Persekutuan Labuan'),
(16, 'Wilayah Persekutuan Putrajaya');

-- --------------------------------------------------------

--
-- Table structure for table `user`
--

CREATE TABLE IF NOT EXISTS `user` (
  `user_id` int(11) NOT NULL AUTO_INCREMENT,
  `role_id` int(1) NOT NULL COMMENT '1=''ADMIN'', 2=''USER''',
  `business_id` int(11) NOT NULL,
  `email` varchar(256) NOT NULL,
  `password` mediumtext NOT NULL,
  `activation_status` tinyint(1) NOT NULL COMMENT '0=''SUSPEND'', 1=''ACTIVE''''',
  PRIMARY KEY (`user_id`),
  UNIQUE KEY `email` (`email`)
) ENGINE=InnoDB  DEFAULT CHARSET=latin1 AUTO_INCREMENT=32 ;

--
-- Dumping data for table `user`
--

INSERT INTO `user` (`user_id`, `role_id`, `business_id`, `email`, `password`, `activation_status`) VALUES
(1, 2, 1, 'abdul_rahman@gmail.com', 'ae2b1fca515949e5d54fb22b8ed95575', 1),
(2, 2, 2, 'abdul_ali@gmail.com', 'ae2b1fca515949e5d54fb22b8ed95575', 1),
(3, 2, 3, 'abdul_aziz@gmail.com', 'ae2b1fca515949e5d54fb22b8ed95575', 1),
(4, 2, 4, 'abdul_haris@gmail.com', 'ae2b1fca515949e5d54fb22b8ed95575', 1),
(5, 2, 5, 'abdul_jalil@gmail.com', 'ae2b1fca515949e5d54fb22b8ed95575', 1),
(6, 2, 6, 'abdul_manan@gmail.com', 'ae2b1fca515949e5d54fb22b8ed95575', 1),
(7, 2, 7, 'abdul_rahman_kadir@gmail.com', 'ae2b1fca515949e5d54fb22b8ed95575', 1),
(8, 2, 8, 'abdul_rahman_ibrahim@gmail.com', 'ae2b1fca515949e5d54fb22b8ed95575', 1),
(9, 2, 9, 'abdul_rahman_matyatib@gmail.com', 'ae2b1fca515949e5d54fb22b8ed95575', 1),
(10, 2, 10, 'abdul_razak@gmail.com', 'ae2b1fca515949e5d54fb22b8ed95575', 1),
(11, 2, 11, 'aberahim_ashak@gmail.com', 'ae2b1fca515949e5d54fb22b8ed95575', 1),
(12, 2, 12, 'abu_bakar_hitam@gmail.com', 'ae2b1fca515949e5d54fb22b8ed95575', 1),
(13, 2, 13, 'abu_talib_hashim@gmail.com', 'ae2b1fca515949e5d54fb22b8ed95575', 1),
(14, 2, 14, 'adnan_isa@gmail.com', 'ae2b1fca515949e5d54fb22b8ed95575', 1),
(15, 2, 15, 'ashaari_ahmad@gmail.com', 'ae2b1fca515949e5d54fb22b8ed95575', 1),
(16, 2, 16, 'azlina_samat@gmail.com', 'ae2b1fca515949e5d54fb22b8ed95575', 1),
(17, 2, 17, 'azman_beseth@gmail.com', 'ae2b1fca515949e5d54fb22b8ed95575', 1),
(18, 2, 18, 'badrul_majidi@gmail.com', 'ae2b1fca515949e5d54fb22b8ed95575', 1),
(19, 2, 19, 'bahsan_yusof@gmail.com', 'ae2b1fca515949e5d54fb22b8ed95575', 1),
(20, 2, 20, 'borhaan_haliman@gmail.com', 'ae2b1fca515949e5d54fb22b8ed95575', 1),
(21, 2, 21, 'chau_pak@gmail.com', 'ae2b1fca515949e5d54fb22b8ed95575', 1),
(22, 2, 22, 'che_halim@gmail.com', 'ae2b1fca515949e5d54fb22b8ed95575', 1),
(23, 2, 23, 'cheah_thean@gmail.com', 'ae2b1fca515949e5d54fb22b8ed95575', 1),
(24, 2, 24, 'elias_abdul@gmail.com', 'ae2b1fca515949e5d54fb22b8ed95575', 1),
(25, 2, 25, 'eng_leap@gmail.com', 'ae2b1fca515949e5d54fb22b8ed95575', 1),
(26, 2, 26, 'faizul_hussain@gmail.com', 'ae2b1fca515949e5d54fb22b8ed95575', 1),
(27, 2, 27, 'gazali_abdul_rahman@gmail.com', 'ae2b1fca515949e5d54fb22b8ed95575', 1),
(28, 2, 28, 'hairuddin_haron@gmail.com', 'ae2b1fca515949e5d54fb22b8ed95575', 1),
(29, 2, 29, 'ismail_arifin@gmail.com', 'ae2b1fca515949e5d54fb22b8ed95575', 1),
(30, 2, 30, 'jaluddin_abdullah@gmail.com', 'ae2b1fca515949e5d54fb22b8ed95575', 1),
(31, 1, 0, 'admin', '6fcf8c37607e46be2e425319a96d6fe5', 1);

/*!40101 SET CHARACTER_SET_CLIENT=@OLD_CHARACTER_SET_CLIENT */;
/*!40101 SET CHARACTER_SET_RESULTS=@OLD_CHARACTER_SET_RESULTS */;
/*!40101 SET COLLATION_CONNECTION=@OLD_COLLATION_CONNECTION */;
